UID,username,name,email,affiliation,title,country,password
0,xdkjmiqi43,Mveabjz,Mveabjz@Observatory0.com,Observatory0,Amature,Taiwan,ab123
1,yhdnunvu47,Iwqilau,Iwqilau@Observatory1.com,Observatory1,Student,Taiwan,ab123
2,zqlpskqs0,Uutajuh,Uutajuh@Observatory2.com,Observatory2,Student,Taiwan,ab123
3,hxsutzhs57,Gibuzvz,Gibuzvz@Observatory3.com,Observatory3,Amature,Taiwan,ab123
4,blvwhidb47,Mdpwgdb,Mdpwgdb@Observatory4.com,Observatory4,Postdoc,Japan,ab123
5,yqaeesla33,Qfunzhk,Qfunzhk@Observatory5.com,Observatory5,Student,Taiwan,ab123
6,boahdirw47,Llohtuy,Llohtuy@Observatory6.com,Observatory6,Postdoc,Taiwan,ab123
7,fnuxepri56,Pyvftlh,Pyvftlh@Observatory7.com,Observatory7,Student,Taiwan,ab123
8,amfonzjg35,Ilemuox,Ilemuox@Observatory8.com,Observatory8,Student,Taiwan,ab123
9,lhvcvbrn8,Uddajdw,Uddajdw@Observatory9.com,Observatory9,Amature,Korea,ab123
10,drbltyfo40,Nkodebw,Nkodebw@Observatory10.com,Observatory10,Student,Korea,ab123
11,lkwcpddj12,Ignfgcf,Ignfgcf@Observatory11.com,Observatory11,Amature,Taiwan,ab123
12,jbqzwahp19,Llfzvtp,Llfzvtp@Observatory12.com,Observatory12,Postdoc,Japan,ab123
13,ywenqpft8,Myxvnyy,Myxvnyy@Observatory13.com,Observatory13,Amature,Taiwan,ab123
14,vvaeukpw52,Qyifvgp,Qyifvgp@Observatory14.com,Observatory14,Student,Taiwan,ab123
15,fsfgslja4,Xlksdbl,Xlksdbl@Observatory15.com,Observatory15,Student,France,ab123
16,chtxpcsn41,Oyqyvoj,Oyqyvoj@Observatory16.com,Observatory16,Amature,Taiwan,ab123
17,zqlnwnig51,Sffzqci,Sffzqci@Observatory17.com,Observatory17,Postdoc,Spain,ab123
18,mspzifiw21,Xntjzdv,Xntjzdv@Observatory18.com,Observatory18,Amature,Taiwan,ab123
19,gggtpbnr22,Wffnwkb,Wffnwkb@Observatory19.com,Observatory19,Amature,France,ab123
20,qzkfmarm40,Kspcyxs,Kspcyxs@Observatory20.com,Observatory20,Student,Korea,ab123
21,ubivgjaq23,Niqfjov,Niqfjov@Observatory21.com,Observatory21,Postdoc,Spain,ab123
22,rrlgxdle12,Qvbmzan,Qvbmzan@Observatory22.com,Observatory22,Amature,Taiwan,ab123
23,ulqoxgpb43,Bybjtbb,Bybjtbb@Observatory23.com,Observatory23,Postdoc,Taiwan,ab123
24,aegjcqpw29,Buopzly,Buopzly@Observatory24.com,Observatory24,Amature,Taiwan,ab123
25,yftzfxzs34,Zdmtifo,Zdmtifo@Observatory25.com,Observatory25,Postdoc,Taiwan,ab123
26,zmcobuqp12,Lfjqjnf,Lfjqjnf@Observatory26.com,Observatory26,Student,Taiwan,ab123
27,sddjczle52,Tbyhmoy,Tbyhmoy@Observatory27.com,Observatory27,Student,Taiwan,ab123
28,bzguwvlr52,Abcvxgq,Abcvxgq@Observatory28.com,Observatory28,Professor,USA,ab123
29,scujyfas36,Lolqmds,Lolqmds@Observatory29.com,Observatory29,Student,Taiwan,ab123
30,wrrrcklv9,Dvtuaga,Dvtuaga@Observatory30.com,Observatory30,Student,Taiwan,ab123
31,zkewepnq16,Zemqhoe,Zemqhoe@Observatory31.com,Observatory31,Amature,Taiwan,ab123
32,nutjiwjm6,Aeygmzl,Aeygmzl@Observatory32.com,Observatory32,Student,Taiwan,ab123
33,dferiwok44,Onvsmcm,Onvsmcm@Observatory33.com,Observatory33,Amature,Germany,ab123
34,ycaqwpfy54,Xfgszyf,Xfgszyf@Observatory34.com,Observatory34,Amature,Taiwan,ab123
35,lqhvtwhk43,Ghybkdp,Ghybkdp@Observatory35.com,Observatory35,Amature,Taiwan,ab123
36,nhratfiv14,Fuweqoo,Fuweqoo@Observatory36.com,Observatory36,Student,France,ab123
37,asinmpha38,Rqkabig,Rqkabig@Observatory37.com,Observatory37,Postdoc,Taiwan,ab123
38,cqxmsoij21,Gcehtji,Gcehtji@Observatory38.com,Observatory38,Student,Taiwan,ab123
39,ncfpxwwb46,Pfsmure,Pfsmure@Observatory39.com,Observatory39,Student,Taiwan,ab123
40,gtbgefjf46,Wafomva,Wafomva@Observatory40.com,Observatory40,Amature,Taiwan,ab123
41,brgjnmki7,Gkqtyux,Gkqtyux@Observatory41.com,Observatory41,Amature,Taiwan,ab123
42,axsjijra54,Bnbpyde,Bnbpyde@Observatory42.com,Observatory42,Postdoc,Taiwan,ab123
43,mpknxwlz51,Nulsefa,Nulsefa@Observatory43.com,Observatory43,Student,Korea,ab123
44,epfgtqbk45,Dnkisnk,Dnkisnk@Observatory44.com,Observatory44,Student,Japan,ab123
45,rvxyyrmg1,Ajliunb,Ajliunb@Observatory45.com,Observatory45,Amature,Germany,ab123
46,bvzniueb58,Yrsougp,Yrsougp@Observatory46.com,Observatory46,Student,USA,ab123
47,ddgrjwvl14,Pyspary,Pyspary@Observatory47.com,Observatory47,Amature,USA,ab123
48,nkweeqfx11,Tpaakin,Tpaakin@Observatory48.com,Observatory48,Amature,Taiwan,ab123
49,kqqovolx18,Drplnco,Drplnco@Observatory49.com,Observatory49,Professor,USA,ab123
50,mksosbhw51,Iqifdad,Iqifdad@Observatory50.com,Observatory50,Student,Taiwan,ab123
51,uuvqhwfu10,Zcnkudd,Zcnkudd@Observatory51.com,Observatory51,Postdoc,Japan,ab123
52,cvfrvjug25,Otibzps,Otibzps@Observatory52.com,Observatory52,Postdoc,Taiwan,ab123
53,yuulvrxy11,Fpmjmxo,Fpmjmxo@Observatory53.com,Observatory53,Postdoc,Taiwan,ab123
54,uttqhofl21,Urpofnl,Urpofnl@Observatory54.com,Observatory54,Postdoc,Taiwan,ab123
55,etipwupn54,Dxwhsdp,Dxwhsdp@Observatory55.com,Observatory55,Professor,USA,ab123
56,hheyidkc56,Vjsdtkj,Vjsdtkj@Observatory56.com,Observatory56,Student,Taiwan,ab123
57,ehbkqctd5,Gpdfhuk,Gpdfhuk@Observatory57.com,Observatory57,Postdoc,Taiwan,ab123
58,dnwpzvzy9,Aqkdlwt,Aqkdlwt@Observatory58.com,Observatory58,Postdoc,Taiwan,ab123
59,xggdhyti11,Stqpbqz,Stqpbqz@Observatory59.com,Observatory59,Amature,Taiwan,ab123
60,eyfrxcwi56,Slsdrwd,Slsdrwd@Observatory60.com,Observatory60,Student,Taiwan,ab123
61,clwcpqif43,Mqtllqo,Mqtllqo@Observatory61.com,Observatory61,Amature,Taiwan,ab123
62,taycdlob18,Knstioy,Knstioy@Observatory62.com,Observatory62,Student,Taiwan,ab123
63,hqiuoekn18,Mzikevg,Mzikevg@Observatory63.com,Observatory63,Student,Taiwan,ab123
64,cgczmlpl57,Puxvizr,Puxvizr@Observatory64.com,Observatory64,Amature,Taiwan,ab123
65,nhcdcosl35,Uodvaeg,Uodvaeg@Observatory65.com,Observatory65,Amature,Taiwan,ab123
66,mvgyknos18,Nxxvyac,Nxxvyac@Observatory66.com,Observatory66,Amature,Spain,ab123
67,jbjnxogo5,Cggkuhr,Cggkuhr@Observatory67.com,Observatory67,Postdoc,Taiwan,ab123
68,umezchnl42,Vjthfak,Vjthfak@Observatory68.com,Observatory68,Amature,Taiwan,ab123
69,hphslccs20,Gwaqhat,Gwaqhat@Observatory69.com,Observatory69,Student,Taiwan,ab123
70,suudwfgy18,Yxsgddo,Yxsgddo@Observatory70.com,Observatory70,Student,Taiwan,ab123
71,tifztvsj56,Felvptk,Felvptk@Observatory71.com,Observatory71,Amature,Taiwan,ab123
72,gsktmkro8,Uhaffgk,Uhaffgk@Observatory72.com,Observatory72,Postdoc,Korea,ab123
73,eqbqypkh33,Kgwtiqn,Kgwtiqn@Observatory73.com,Observatory73,Student,Taiwan,ab123
74,buhmfskd57,Izxbmyg,Izxbmyg@Observatory74.com,Observatory74,Amature,Taiwan,ab123
75,pojheuio57,Zjdtntk,Zjdtntk@Observatory75.com,Observatory75,Postdoc,Spain,ab123
76,qyvcfocd56,Hzldbdt,Hzldbdt@Observatory76.com,Observatory76,Amature,Taiwan,ab123
77,pgzqvgcm21,Btllcqg,Btllcqg@Observatory77.com,Observatory77,Amature,Taiwan,ab123
78,obpdoskm29,Woadhpm,Woadhpm@Observatory78.com,Observatory78,Postdoc,Taiwan,ab123
79,twphaqny26,Xtadkqa,Xtadkqa@Observatory79.com,Observatory79,Professor,France,ab123
80,xahavivc31,Hhhrhmn,Hhhrhmn@Observatory80.com,Observatory80,Professor,Taiwan,ab123
81,wvhfwlqn2,Ijnvlhz,Ijnvlhz@Observatory81.com,Observatory81,Amature,Taiwan,ab123
82,dvfivsgv10,Gndhnkp,Gndhnkp@Observatory82.com,Observatory82,Postdoc,Japan,ab123
83,roqxifas43,Enwwzcy,Enwwzcy@Observatory83.com,Observatory83,Student,Taiwan,ab123
84,ddoepyfd57,Xyfbxme,Xyfbxme@Observatory84.com,Observatory84,Amature,Taiwan,ab123
85,supzanau34,Zcymypo,Zcymypo@Observatory85.com,Observatory85,Student,Taiwan,ab123
86,qpvcdaog18,Frjljkz,Frjljkz@Observatory86.com,Observatory86,Student,Taiwan,ab123
87,wxgdsmer21,Vlikrxk,Vlikrxk@Observatory87.com,Observatory87,Student,USA,ab123
88,bonzospm31,Cbfqnyo,Cbfqnyo@Observatory88.com,Observatory88,Amature,Japan,ab123
89,xlvxjxkw30,Lmsruqd,Lmsruqd@Observatory89.com,Observatory89,Amature,Taiwan,ab123
90,rtidmsrl57,Edcxevr,Edcxevr@Observatory90.com,Observatory90,Professor,Taiwan,ab123
91,setiihbo39,Hulfgex,Hulfgex@Observatory91.com,Observatory91,Student,Korea,ab123
92,uwzevsjb26,Cwqbrgl,Cwqbrgl@Observatory92.com,Observatory92,Postdoc,Germany,ab123
93,yqwvtcjf52,Pddoczj,Pddoczj@Observatory93.com,Observatory93,Postdoc,France,ab123
94,wygwgpta32,Nzugxrh,Nzugxrh@Observatory94.com,Observatory94,Postdoc,USA,ab123
95,jnvszhef43,Iteamrw,Iteamrw@Observatory95.com,Observatory95,Postdoc,Taiwan,ab123
96,mdavrtcv17,Coteksf,Coteksf@Observatory96.com,Observatory96,Amature,Taiwan,ab123
97,ltgtqwzv42,Keuqukd,Keuqukd@Observatory97.com,Observatory97,Postdoc,Taiwan,ab123
98,cxwhjmpi11,Etozyil,Etozyil@Observatory98.com,Observatory98,Student,Taiwan,ab123
99,zulmzgxw35,Cpvtokm,Cpvtokm@Observatory99.com,Observatory99,Amature,USA,ab123
100,ssrllilc6,Asfzejd,Asfzejd@Observatory100.com,Observatory100,Amature,France,ab123
101,upmmtcux32,Srmhmum,Srmhmum@Observatory101.com,Observatory101,Student,Taiwan,ab123
102,yubopzkh20,Rvdyokq,Rvdyokq@Observatory102.com,Observatory102,Amature,Taiwan,ab123
103,vhwtqnpf25,Odplxkr,Odplxkr@Observatory103.com,Observatory103,Student,Taiwan,ab123
104,fmvurvhe35,Ylgxnpr,Ylgxnpr@Observatory104.com,Observatory104,Professor,Taiwan,ab123
105,nxsttbkj30,Zikkipu,Zikkipu@Observatory105.com,Observatory105,Postdoc,Taiwan,ab123
106,adshjmxy29,Zypcnyn,Zypcnyn@Observatory106.com,Observatory106,Postdoc,Taiwan,ab123
107,vqybfgnm14,Rjlkxtl,Rjlkxtl@Observatory107.com,Observatory107,Amature,Taiwan,ab123
108,elzctqni48,Mmfeyro,Mmfeyro@Observatory108.com,Observatory108,Student,Taiwan,ab123
109,ysugpocz34,Sqzcjao,Sqzcjao@Observatory109.com,Observatory109,Postdoc,Taiwan,ab123
110,fabyrqpi54,Lpklwof,Lpklwof@Observatory110.com,Observatory110,Amature,Taiwan,ab123
111,jmmnmabl44,Tsgaexe,Tsgaexe@Observatory111.com,Observatory111,Postdoc,Taiwan,ab123
112,kevsfkje57,Ewxnuec,Ewxnuec@Observatory112.com,Observatory112,Student,Taiwan,ab123
113,ivdzfxel17,Pdyuiya,Pdyuiya@Observatory113.com,Observatory113,Student,Taiwan,ab123
114,nculyxbb3,Rohgvvo,Rohgvvo@Observatory114.com,Observatory114,Student,Taiwan,ab123
115,ktvwxqkl7,Fupkpux,Fupkpux@Observatory115.com,Observatory115,Student,Germany,ab123
116,stpycpxt48,Zinniri,Zinniri@Observatory116.com,Observatory116,Amature,Taiwan,ab123
117,gsbfvpjk45,Tsuezjn,Tsuezjn@Observatory117.com,Observatory117,Postdoc,Taiwan,ab123
118,jzlhddqj11,Puocchg,Puocchg@Observatory118.com,Observatory118,Student,Korea,ab123
119,zwwkfhxf1,Gxvcupp,Gxvcupp@Observatory119.com,Observatory119,Postdoc,Japan,ab123
120,izrntzut33,Ajgwihw,Ajgwihw@Observatory120.com,Observatory120,Postdoc,USA,ab123
121,yspreujf10,Parjqwd,Parjqwd@Observatory121.com,Observatory121,Postdoc,France,ab123
122,huwevxdx34,Ayykmtl,Ayykmtl@Observatory122.com,Observatory122,Student,Taiwan,ab123
123,amavccbv55,Oseibyc,Oseibyc@Observatory123.com,Observatory123,Postdoc,Spain,ab123
124,hqipjeat14,Jmmpsue,Jmmpsue@Observatory124.com,Observatory124,Postdoc,USA,ab123
125,awkdrlhn41,Qjalmxl,Qjalmxl@Observatory125.com,Observatory125,Student,Taiwan,ab123
126,tcjlehln28,Ksrsokj,Ksrsokj@Observatory126.com,Observatory126,Postdoc,Taiwan,ab123
127,vwyqdllm42,Obhtrto,Obhtrto@Observatory127.com,Observatory127,Postdoc,Taiwan,ab123
128,jlevxqsy15,Ddpvdmn,Ddpvdmn@Observatory128.com,Observatory128,Amature,Taiwan,ab123
129,tgbzpmlo7,Avubwid,Avubwid@Observatory129.com,Observatory129,Postdoc,Taiwan,ab123
130,oshhdygm47,Mswuwxy,Mswuwxy@Observatory130.com,Observatory130,Amature,Taiwan,ab123
131,kjncqyes37,Ocgpbll,Ocgpbll@Observatory131.com,Observatory131,Amature,Taiwan,ab123
132,khitrvfg42,Dfurrmw,Dfurrmw@Observatory132.com,Observatory132,Postdoc,Taiwan,ab123
133,tpumliwx1,Vyvomma,Vyvomma@Observatory133.com,Observatory133,Amature,Taiwan,ab123
134,kugwxedm24,Mmrifef,Mmrifef@Observatory134.com,Observatory134,Postdoc,Korea,ab123
135,rohuqocb22,Eszrqhc,Eszrqhc@Observatory135.com,Observatory135,Student,Taiwan,ab123
136,vrcxhohl34,Aflmzow,Aflmzow@Observatory136.com,Observatory136,Amature,Taiwan,ab123
137,fiuxpxfv14,Tmujqmy,Tmujqmy@Observatory137.com,Observatory137,Professor,Taiwan,ab123
138,mcljkifd50,Ircstpf,Ircstpf@Observatory138.com,Observatory138,Student,Germany,ab123
139,bxfxrpvi10,Hunqvrn,Hunqvrn@Observatory139.com,Observatory139,Student,Germany,ab123
140,rkqbrjhm22,Wrwgwjs,Wrwgwjs@Observatory140.com,Observatory140,Postdoc,USA,ab123
141,kytiuzyl8,Kwskdda,Kwskdda@Observatory141.com,Observatory141,Postdoc,Taiwan,ab123
142,ikjyxjpg3,Autzomw,Autzomw@Observatory142.com,Observatory142,Student,Taiwan,ab123
143,lmzmxsdz37,Xiplwkf,Xiplwkf@Observatory143.com,Observatory143,Amature,Taiwan,ab123
144,cetnsbcw19,Bdgelap,Bdgelap@Observatory144.com,Observatory144,Amature,Taiwan,ab123
145,bemmdyyq53,Rawzpkh,Rawzpkh@Observatory145.com,Observatory145,Amature,Taiwan,ab123
146,kgyemfpk22,Agjdppr,Agjdppr@Observatory146.com,Observatory146,Amature,France,ab123
147,sdodgaci15,Orkxofl,Orkxofl@Observatory147.com,Observatory147,Postdoc,Taiwan,ab123
148,ogzxgezl51,Kguvsgm,Kguvsgm@Observatory148.com,Observatory148,Amature,France,ab123
149,lonwdtmt22,Frwwmtn,Frwwmtn@Observatory149.com,Observatory149,Amature,France,ab123
150,wdlpbrvo12,Mwcaseu,Mwcaseu@Observatory150.com,Observatory150,Student,Taiwan,ab123
151,rmeabopt17,Uuqburo,Uuqburo@Observatory151.com,Observatory151,Postdoc,Taiwan,ab123
152,adqtegls17,Ljlsryk,Ljlsryk@Observatory152.com,Observatory152,Student,Taiwan,ab123
153,zqfkjwoz22,Meoyabb,Meoyabb@Observatory153.com,Observatory153,Postdoc,Germany,ab123
154,lbvbvqla50,Chplvjo,Chplvjo@Observatory154.com,Observatory154,Amature,USA,ab123
155,ubmmgtah18,Epaaluh,Epaaluh@Observatory155.com,Observatory155,Amature,Taiwan,ab123
156,itqlwizw24,Egppjwc,Egppjwc@Observatory156.com,Observatory156,Student,USA,ab123
157,ilrqkutm52,Srpzfsg,Srpzfsg@Observatory157.com,Observatory157,Postdoc,Taiwan,ab123
158,vcifkhfh1,Rkzfkrw,Rkzfkrw@Observatory158.com,Observatory158,Student,Germany,ab123
159,xrgvvnbf12,Mrkhnyt,Mrkhnyt@Observatory159.com,Observatory159,Student,Korea,ab123
160,kymszjnh20,Dxozbke,Dxozbke@Observatory160.com,Observatory160,Postdoc,Taiwan,ab123
161,skqdbwqg39,Cgaeooj,Cgaeooj@Observatory161.com,Observatory161,Amature,Taiwan,ab123
162,vqqffoko53,Bvibvwu,Bvibvwu@Observatory162.com,Observatory162,Amature,France,ab123
163,eycalnxr16,Vuovfps,Vuovfps@Observatory163.com,Observatory163,Student,Taiwan,ab123
164,glytiwtt32,Ycgmuod,Ycgmuod@Observatory164.com,Observatory164,Student,Korea,ab123
165,ubawhirm59,Zsiqczf,Zsiqczf@Observatory165.com,Observatory165,Student,Germany,ab123
166,uecaqfnj25,Bnklnzo,Bnklnzo@Observatory166.com,Observatory166,Amature,Germany,ab123
167,kkelxihk12,Alrmypi,Alrmypi@Observatory167.com,Observatory167,Student,Taiwan,ab123
168,vojwsoeb59,Yyzfunz,Yyzfunz@Observatory168.com,Observatory168,Student,Taiwan,ab123
169,mbafmdoh20,Girjpdu,Girjpdu@Observatory169.com,Observatory169,Postdoc,Korea,ab123
170,wtaucagx26,Haothyp,Haothyp@Observatory170.com,Observatory170,Postdoc,Taiwan,ab123
171,ivjtxojy38,Gevfxbi,Gevfxbi@Observatory171.com,Observatory171,Student,Taiwan,ab123
172,ipdratyf57,Cmjgpkm,Cmjgpkm@Observatory172.com,Observatory172,Student,Taiwan,ab123
173,asshpoej21,Ieztjbx,Ieztjbx@Observatory173.com,Observatory173,Professor,Taiwan,ab123
174,nxzzvrgc23,Ssrsbnd,Ssrsbnd@Observatory174.com,Observatory174,Amature,Taiwan,ab123
175,bvjpbywt2,Eahwtzr,Eahwtzr@Observatory175.com,Observatory175,Amature,Taiwan,ab123
176,uspabmhh2,Srjersy,Srjersy@Observatory176.com,Observatory176,Student,Japan,ab123
177,aqvjxqwi34,Fpnbjlw,Fpnbjlw@Observatory177.com,Observatory177,Student,Taiwan,ab123
178,kpwmfygl39,Shbhnmd,Shbhnmd@Observatory178.com,Observatory178,Professor,Taiwan,ab123
179,bazqwntf39,Pkveexc,Pkveexc@Observatory179.com,Observatory179,Student,Germany,ab123
180,xhaafcgz13,Ojrbzug,Ojrbzug@Observatory180.com,Observatory180,Postdoc,Taiwan,ab123
181,archaxzn3,Stpafdn,Stpafdn@Observatory181.com,Observatory181,Student,Germany,ab123
182,sbwgtels58,Qgcjjhk,Qgcjjhk@Observatory182.com,Observatory182,Student,Taiwan,ab123
183,sqaatuhh22,Dncucxu,Dncucxu@Observatory183.com,Observatory183,Student,Taiwan,ab123
184,qnqcrrad12,Xebcbbn,Xebcbbn@Observatory184.com,Observatory184,Postdoc,Taiwan,ab123
185,ptxqfoqy41,Oklattj,Oklattj@Observatory185.com,Observatory185,Professor,Taiwan,ab123
186,axuriazr38,Jfinkly,Jfinkly@Observatory186.com,Observatory186,Professor,Korea,ab123
187,hmndailr19,Uiqmuhr,Uiqmuhr@Observatory187.com,Observatory187,Amature,Korea,ab123
188,ljebotaw8,Pzmzsvn,Pzmzsvn@Observatory188.com,Observatory188,Student,Taiwan,ab123
189,kuuuujzb22,Vjzipdz,Vjzipdz@Observatory189.com,Observatory189,Postdoc,Taiwan,ab123
190,qojmzaaw47,Hhmaubp,Hhmaubp@Observatory190.com,Observatory190,Professor,Japan,ab123
191,yloglwwy43,Vnfyzjs,Vnfyzjs@Observatory191.com,Observatory191,Student,Taiwan,ab123
192,nfjdsdlj46,Qtxmika,Qtxmika@Observatory192.com,Observatory192,Postdoc,Taiwan,ab123
193,hdgmhzkl33,Qazfcbd,Qazfcbd@Observatory193.com,Observatory193,Postdoc,Taiwan,ab123
194,kxxmupxf56,Azkinse,Azkinse@Observatory194.com,Observatory194,Postdoc,Taiwan,ab123
195,iibtzfrn3,Ptrwkxv,Ptrwkxv@Observatory195.com,Observatory195,Student,Taiwan,ab123
196,btgtolmx31,Pwtlzaa,Pwtlzaa@Observatory196.com,Observatory196,Student,Taiwan,ab123
197,fnmsjtyd34,Bdlcbal,Bdlcbal@Observatory197.com,Observatory197,Amature,Taiwan,ab123
198,cugsmmsr44,Iscmemp,Iscmemp@Observatory198.com,Observatory198,Amature,Taiwan,ab123
199,yabmyopk32,Mixquil,Mixquil@Observatory199.com,Observatory199,Amature,Taiwan,ab123
200,udtfdffy4,Nufxslr,Nufxslr@Observatory200.com,Observatory200,Professor,Taiwan,ab123
201,bjoeavzi41,Ylvsblt,Ylvsblt@Observatory201.com,Observatory201,Student,Spain,ab123
202,ohregufb45,Csckjjy,Csckjjy@Observatory202.com,Observatory202,Amature,Taiwan,ab123
203,kgabqzou59,Svjruij,Svjruij@Observatory203.com,Observatory203,Student,Taiwan,ab123
204,auhbhsmz22,Mbpnabc,Mbpnabc@Observatory204.com,Observatory204,Student,Taiwan,ab123
205,yspkikwr29,Wvuhifc,Wvuhifc@Observatory205.com,Observatory205,Amature,Taiwan,ab123
206,zxwrakkn31,Nlvgubm,Nlvgubm@Observatory206.com,Observatory206,Student,Taiwan,ab123
207,vnhmudso43,Amlkqrc,Amlkqrc@Observatory207.com,Observatory207,Student,Taiwan,ab123
208,twibdrtp9,Bzuydio,Bzuydio@Observatory208.com,Observatory208,Student,Spain,ab123
209,uqaskkrr36,Qnwycfo,Qnwycfo@Observatory209.com,Observatory209,Professor,Taiwan,ab123
210,ywomxdwx47,Ackqctp,Ackqctp@Observatory210.com,Observatory210,Amature,Taiwan,ab123
211,ecxajhgx51,Kkfvgoi,Kkfvgoi@Observatory211.com,Observatory211,Amature,Germany,ab123
212,vazgkoyt18,Bsyexpq,Bsyexpq@Observatory212.com,Observatory212,Professor,USA,ab123
213,lwqdlbmc36,Xdxgopq,Xdxgopq@Observatory213.com,Observatory213,Amature,Germany,ab123
214,sqpbgokq39,Hhzduod,Hhzduod@Observatory214.com,Observatory214,Postdoc,Taiwan,ab123
215,rrxnyfiu28,Ntjaoyb,Ntjaoyb@Observatory215.com,Observatory215,Amature,Taiwan,ab123
216,tzqkljqd23,Crdukuq,Crdukuq@Observatory216.com,Observatory216,Amature,Taiwan,ab123
217,psbfmgwa7,Xcukbvd,Xcukbvd@Observatory217.com,Observatory217,Postdoc,Spain,ab123
218,ooxtktgh20,Uzcbvbx,Uzcbvbx@Observatory218.com,Observatory218,Student,Taiwan,ab123
219,wkyvqvws10,Trtbfee,Trtbfee@Observatory219.com,Observatory219,Amature,Taiwan,ab123
220,jddnlyhw50,Grysxgk,Grysxgk@Observatory220.com,Observatory220,Professor,Taiwan,ab123
221,ucemulpe6,Juopeqs,Juopeqs@Observatory221.com,Observatory221,Amature,Taiwan,ab123
222,oendavdm17,Usywxin,Usywxin@Observatory222.com,Observatory222,Student,Korea,ab123
223,dahdrgeb27,Snlljzb,Snlljzb@Observatory223.com,Observatory223,Student,France,ab123
224,kgkrimxv7,Hggzewd,Hggzewd@Observatory224.com,Observatory224,Student,Taiwan,ab123
225,vqhbpkqh47,Jkrgqdy,Jkrgqdy@Observatory225.com,Observatory225,Postdoc,Taiwan,ab123
226,kotcrxld33,Lfyupzt,Lfyupzt@Observatory226.com,Observatory226,Student,Taiwan,ab123
227,blnrhxcv34,Zitqsyo,Zitqsyo@Observatory227.com,Observatory227,Postdoc,USA,ab123
228,jgkwohfz3,Yxgpgrc,Yxgpgrc@Observatory228.com,Observatory228,Amature,Taiwan,ab123
229,lydlthhc52,Ohputlm,Ohputlm@Observatory229.com,Observatory229,Postdoc,Taiwan,ab123
230,nncrrrfl26,Odeivbt,Odeivbt@Observatory230.com,Observatory230,Student,Taiwan,ab123
231,smugqimc13,Lrhgltm,Lrhgltm@Observatory231.com,Observatory231,Amature,Taiwan,ab123
232,rcwlrhew35,Kcgrzmp,Kcgrzmp@Observatory232.com,Observatory232,Amature,Taiwan,ab123
233,utlvxlqc20,Gvymiwg,Gvymiwg@Observatory233.com,Observatory233,Student,Taiwan,ab123
234,plxliyfu56,Uwwfzpu,Uwwfzpu@Observatory234.com,Observatory234,Amature,Taiwan,ab123
235,raozqdvf27,Tfapoei,Tfapoei@Observatory235.com,Observatory235,Student,Taiwan,ab123
236,lxeowrdh8,Hsapacw,Hsapacw@Observatory236.com,Observatory236,Amature,Taiwan,ab123
237,irkusote59,Gwzopbz,Gwzopbz@Observatory237.com,Observatory237,Student,Taiwan,ab123
238,kanpftbc25,Fjjiuvg,Fjjiuvg@Observatory238.com,Observatory238,Student,Taiwan,ab123
239,tugaixsr43,Eidabds,Eidabds@Observatory239.com,Observatory239,Student,USA,ab123
240,ukgqztxd45,Vqfstlo,Vqfstlo@Observatory240.com,Observatory240,Professor,Taiwan,ab123
241,dlkgcsnp30,Ghwoaxo,Ghwoaxo@Observatory241.com,Observatory241,Student,Taiwan,ab123
242,htivwtep42,Ppxtuxh,Ppxtuxh@Observatory242.com,Observatory242,Student,Taiwan,ab123
243,qdxcnldf42,Qgeqclh,Qgeqclh@Observatory243.com,Observatory243,Amature,Japan,ab123
244,vzowfdsw11,Gijhigm,Gijhigm@Observatory244.com,Observatory244,Amature,Taiwan,ab123
245,ukwnembw54,Lmfdbrt,Lmfdbrt@Observatory245.com,Observatory245,Amature,USA,ab123
246,ddsskqsx9,Rzicotd,Rzicotd@Observatory246.com,Observatory246,Amature,Taiwan,ab123
247,ftvwsaok5,Awhllcy,Awhllcy@Observatory247.com,Observatory247,Student,Taiwan,ab123
248,qidaqotm47,Cpytsry,Cpytsry@Observatory248.com,Observatory248,Student,Taiwan,ab123
249,hwdstfoe21,Bodktek,Bodktek@Observatory249.com,Observatory249,Student,Taiwan,ab123
250,dvgflahv35,Pjepgzk,Pjepgzk@Observatory250.com,Observatory250,Student,Taiwan,ab123
251,wkzatoyp44,Zqubval,Zqubval@Observatory251.com,Observatory251,Student,Taiwan,ab123
252,jxqdcnok57,Zoogtks,Zoogtks@Observatory252.com,Observatory252,Student,Taiwan,ab123
253,hxkeeryb26,Mbsdjrg,Mbsdjrg@Observatory253.com,Observatory253,Amature,Taiwan,ab123
254,xykpttoq4,Dtqdcsi,Dtqdcsi@Observatory254.com,Observatory254,Student,France,ab123
255,zxyarhzw5,Cadnxfn,Cadnxfn@Observatory255.com,Observatory255,Student,Taiwan,ab123
256,yzaxnxbn37,Nejgnjg,Nejgnjg@Observatory256.com,Observatory256,Amature,Spain,ab123
257,bjeqkpww30,Vifttzy,Vifttzy@Observatory257.com,Observatory257,Student,Taiwan,ab123
258,mwpzbxem27,Zjpvolp,Zjpvolp@Observatory258.com,Observatory258,Postdoc,Taiwan,ab123
259,pnkgoomo36,Uafjgdf,Uafjgdf@Observatory259.com,Observatory259,Student,Taiwan,ab123
260,meklhoky52,Bzkqwce,Bzkqwce@Observatory260.com,Observatory260,Student,Taiwan,ab123
261,wngunbyj0,Cfklkhl,Cfklkhl@Observatory261.com,Observatory261,Professor,Taiwan,ab123
262,wiruefsu8,Spoljnp,Spoljnp@Observatory262.com,Observatory262,Student,Taiwan,ab123
263,tcrjfyyd8,Gaqnfsb,Gaqnfsb@Observatory263.com,Observatory263,Student,Spain,ab123
264,chjbtgyr0,Aqffrux,Aqffrux@Observatory264.com,Observatory264,Student,Germany,ab123
265,bufhyxkw30,Hdaunow,Hdaunow@Observatory265.com,Observatory265,Amature,Taiwan,ab123
266,bgrckbyp39,Nuzwoay,Nuzwoay@Observatory266.com,Observatory266,Amature,Taiwan,ab123
267,xstxtdau51,Ntzjqga,Ntzjqga@Observatory267.com,Observatory267,Amature,Taiwan,ab123
268,chxwxwfm17,Sngjhqt,Sngjhqt@Observatory268.com,Observatory268,Student,Taiwan,ab123
269,kabnyuky17,Hzmmhhl,Hzmmhhl@Observatory269.com,Observatory269,Amature,Taiwan,ab123
270,jhsapokc44,Cjwsdnp,Cjwsdnp@Observatory270.com,Observatory270,Student,France,ab123
271,bqqzgztp56,Bfvajjb,Bfvajjb@Observatory271.com,Observatory271,Student,Taiwan,ab123
272,xkbzpmpj58,Wzokzcw,Wzokzcw@Observatory272.com,Observatory272,Amature,Japan,ab123
273,rrdukxqo44,Mlbcaml,Mlbcaml@Observatory273.com,Observatory273,Student,Taiwan,ab123
274,tkmupuev18,Gwttfuu,Gwttfuu@Observatory274.com,Observatory274,Amature,Taiwan,ab123
275,cjwoexgu57,Xolkcek,Xolkcek@Observatory275.com,Observatory275,Student,Spain,ab123
276,hvktneqf53,Psjivmp,Psjivmp@Observatory276.com,Observatory276,Postdoc,Taiwan,ab123
277,kgzebqnq30,Irmmkjw,Irmmkjw@Observatory277.com,Observatory277,Student,Spain,ab123
278,kuisgrbb48,Epszxut,Epszxut@Observatory278.com,Observatory278,Professor,USA,ab123
279,wprvwvvz0,Uimzoxo,Uimzoxo@Observatory279.com,Observatory279,Student,Taiwan,ab123
280,cucuwzag55,Jeaxuhn,Jeaxuhn@Observatory280.com,Observatory280,Postdoc,France,ab123
281,vcwbqtbw33,Mudjpki,Mudjpki@Observatory281.com,Observatory281,Student,USA,ab123
282,mrwzmzgl43,Fugjlou,Fugjlou@Observatory282.com,Observatory282,Professor,Taiwan,ab123
283,ooxqsjbh46,Znhkrgj,Znhkrgj@Observatory283.com,Observatory283,Amature,Spain,ab123
284,rrjreolg32,Offtsgo,Offtsgo@Observatory284.com,Observatory284,Postdoc,Taiwan,ab123
285,orjqqvja6,Dosniba,Dosniba@Observatory285.com,Observatory285,Student,Germany,ab123
286,wdtymicp48,Onyyusw,Onyyusw@Observatory286.com,Observatory286,Amature,Taiwan,ab123
287,xmjmjcpc26,Teobacd,Teobacd@Observatory287.com,Observatory287,Amature,Taiwan,ab123
288,sceietvc12,Cnvwwrl,Cnvwwrl@Observatory288.com,Observatory288,Amature,Spain,ab123
289,ygjqcqmb22,Sqjvvht,Sqjvvht@Observatory289.com,Observatory289,Student,USA,ab123
290,sbqiiixb32,Vfjkwii,Vfjkwii@Observatory290.com,Observatory290,Student,Taiwan,ab123
291,xyxnnplj43,Olkbyvt,Olkbyvt@Observatory291.com,Observatory291,Student,Taiwan,ab123
292,vgqrvyzt50,Hrlfuqz,Hrlfuqz@Observatory292.com,Observatory292,Postdoc,Taiwan,ab123
293,iiafpjvr27,Uznwrkl,Uznwrkl@Observatory293.com,Observatory293,Professor,Taiwan,ab123
294,honvkyir16,Zcooezv,Zcooezv@Observatory294.com,Observatory294,Professor,Taiwan,ab123
295,mgcgorzc42,Qqdcvjq,Qqdcvjq@Observatory295.com,Observatory295,Amature,France,ab123
296,faqsjtno13,Aujwoys,Aujwoys@Observatory296.com,Observatory296,Amature,Taiwan,ab123
297,rlxqbicw27,Ekvfbqb,Ekvfbqb@Observatory297.com,Observatory297,Student,Taiwan,ab123
298,huptyunk7,Ehjfejb,Ehjfejb@Observatory298.com,Observatory298,Amature,Taiwan,ab123
299,onczxwxa49,Zvnyrut,Zvnyrut@Observatory299.com,Observatory299,Amature,Spain,ab123
300,bsnrtbuy44,Acbxkyz,Acbxkyz@Observatory300.com,Observatory300,Amature,Taiwan,ab123
301,ubggvcyl10,Axdnero,Axdnero@Observatory301.com,Observatory301,Student,Taiwan,ab123
302,vvgogwyj31,Emsedxv,Emsedxv@Observatory302.com,Observatory302,Postdoc,France,ab123
303,gxlautws40,Iehaooj,Iehaooj@Observatory303.com,Observatory303,Postdoc,Taiwan,ab123
304,wwrhuleu8,Rluowte,Rluowte@Observatory304.com,Observatory304,Student,Taiwan,ab123
305,lhfrefjl6,Okmfkcl,Okmfkcl@Observatory305.com,Observatory305,Student,Taiwan,ab123
306,rgfdtnoh46,Ojphyzw,Ojphyzw@Observatory306.com,Observatory306,Amature,Taiwan,ab123
307,svtzvrem50,Bfjrrux,Bfjrrux@Observatory307.com,Observatory307,Amature,Korea,ab123
308,aopfyvfb46,Dpypwqr,Dpypwqr@Observatory308.com,Observatory308,Amature,Germany,ab123
309,zsykmeyg51,Qqxlobk,Qqxlobk@Observatory309.com,Observatory309,Amature,Japan,ab123
310,gwglwbzs45,Qepuysu,Qepuysu@Observatory310.com,Observatory310,Postdoc,Taiwan,ab123
311,prwxtnxd12,Bjbyosx,Bjbyosx@Observatory311.com,Observatory311,Amature,Taiwan,ab123
312,baqiyndi1,Xybkqid,Xybkqid@Observatory312.com,Observatory312,Student,Taiwan,ab123
313,rdfvrspm0,Uhlhvwq,Uhlhvwq@Observatory313.com,Observatory313,Student,Taiwan,ab123
314,piczyxwy5,Bawdbeq,Bawdbeq@Observatory314.com,Observatory314,Student,Taiwan,ab123
315,dxufkprv34,Yememqm,Yememqm@Observatory315.com,Observatory315,Postdoc,Spain,ab123
316,ekwcqvur40,Adtrlyf,Adtrlyf@Observatory316.com,Observatory316,Postdoc,Taiwan,ab123
317,keejoaxt4,Jhluvhz,Jhluvhz@Observatory317.com,Observatory317,Professor,Taiwan,ab123
318,hummgxva31,Jeuejxt,Jeuejxt@Observatory318.com,Observatory318,Student,Taiwan,ab123
319,lfocxwye39,Jjjozrf,Jjjozrf@Observatory319.com,Observatory319,Postdoc,Taiwan,ab123
320,acuueckc16,Uunhmpl,Uunhmpl@Observatory320.com,Observatory320,Amature,Taiwan,ab123
321,kbcbczzf2,Coqfeww,Coqfeww@Observatory321.com,Observatory321,Student,Taiwan,ab123
322,wbwljthc51,Gzhbutv,Gzhbutv@Observatory322.com,Observatory322,Amature,Taiwan,ab123
323,buybtcnc6,Skmmlue,Skmmlue@Observatory323.com,Observatory323,Student,Japan,ab123
324,sviybuqs55,Bqnqzpm,Bqnqzpm@Observatory324.com,Observatory324,Amature,USA,ab123
325,fncyabjk8,Romeibu,Romeibu@Observatory325.com,Observatory325,Postdoc,Korea,ab123
326,orcsxjkn23,Echunvo,Echunvo@Observatory326.com,Observatory326,Amature,Taiwan,ab123
327,opvryhxl19,Ecfcnfd,Ecfcnfd@Observatory327.com,Observatory327,Student,Taiwan,ab123
328,wmjcawfv50,Pbldypr,Pbldypr@Observatory328.com,Observatory328,Amature,France,ab123
329,dwpuhuht11,Ryrenao,Ryrenao@Observatory329.com,Observatory329,Student,Taiwan,ab123
330,llendfmx53,Yjiizyi,Yjiizyi@Observatory330.com,Observatory330,Postdoc,Taiwan,ab123
331,euuqatas54,Iuqqdsy,Iuqqdsy@Observatory331.com,Observatory331,Student,Taiwan,ab123
332,moumthah33,Ifyxlal,Ifyxlal@Observatory332.com,Observatory332,Amature,Taiwan,ab123
333,henyvwpb12,Oiknodo,Oiknodo@Observatory333.com,Observatory333,Student,Taiwan,ab123
334,emrvvwzi37,Ybemxly,Ybemxly@Observatory334.com,Observatory334,Amature,Taiwan,ab123
335,vmjqnxfw2,Bewvgrg,Bewvgrg@Observatory335.com,Observatory335,Amature,Taiwan,ab123
336,yevmxrzr30,Pkaydtj,Pkaydtj@Observatory336.com,Observatory336,Student,Taiwan,ab123
337,rowmmjuq45,Rohjspz,Rohjspz@Observatory337.com,Observatory337,Student,Taiwan,ab123
338,fmjoqfnv47,Mmmhpld,Mmmhpld@Observatory338.com,Observatory338,Amature,USA,ab123
339,idhayczu10,Chbkyev,Chbkyev@Observatory339.com,Observatory339,Student,Taiwan,ab123
340,youwgcsd39,Ebxsbhi,Ebxsbhi@Observatory340.com,Observatory340,Postdoc,Taiwan,ab123
341,krvoggvl19,Tprwxbu,Tprwxbu@Observatory341.com,Observatory341,Student,Taiwan,ab123
342,xawguwqw20,Hutxnqb,Hutxnqb@Observatory342.com,Observatory342,Student,Taiwan,ab123
343,mobwecqf53,Wjhqpmp,Wjhqpmp@Observatory343.com,Observatory343,Amature,Taiwan,ab123
344,paccunty24,Dpzazbw,Dpzazbw@Observatory344.com,Observatory344,Amature,Spain,ab123
345,qdsxvggv41,Kcrftoa,Kcrftoa@Observatory345.com,Observatory345,Postdoc,Spain,ab123
346,sxbtylud59,Ibksaym,Ibksaym@Observatory346.com,Observatory346,Amature,Taiwan,ab123
347,jujslbqg57,Zccpqih,Zccpqih@Observatory347.com,Observatory347,Postdoc,Japan,ab123
348,zdjxoryz53,Myaidaq,Myaidaq@Observatory348.com,Observatory348,Professor,Germany,ab123
349,gknqypmb6,Gxberpd,Gxberpd@Observatory349.com,Observatory349,Professor,Taiwan,ab123
350,jcsrbkxa58,Bjorrom,Bjorrom@Observatory350.com,Observatory350,Amature,France,ab123
351,pvjeawwc14,Kkinxxm,Kkinxxm@Observatory351.com,Observatory351,Professor,Taiwan,ab123
352,jfjdzwij58,Lyonwwe,Lyonwwe@Observatory352.com,Observatory352,Professor,Taiwan,ab123
353,bkmvekug15,Zmohfew,Zmohfew@Observatory353.com,Observatory353,Student,Taiwan,ab123
354,dbwqqleg46,Wosutdf,Wosutdf@Observatory354.com,Observatory354,Amature,Taiwan,ab123
355,regfqwvj5,Sbizleo,Sbizleo@Observatory355.com,Observatory355,Professor,Taiwan,ab123
356,lvkzrzgi6,Blmrrff,Blmrrff@Observatory356.com,Observatory356,Professor,Taiwan,ab123
357,vnkpsvqu27,Frayepq,Frayepq@Observatory357.com,Observatory357,Amature,Taiwan,ab123
358,zbvqoipd26,Tjimzhy,Tjimzhy@Observatory358.com,Observatory358,Postdoc,France,ab123
359,ajoluzes54,Yjilhsc,Yjilhsc@Observatory359.com,Observatory359,Student,Taiwan,ab123
360,wrepsvpw20,Jeezflz,Jeezflz@Observatory360.com,Observatory360,Student,Taiwan,ab123
361,xjkzufoa10,Oqtoeaf,Oqtoeaf@Observatory361.com,Observatory361,Student,Taiwan,ab123
362,diktooju3,Kxltfou,Kxltfou@Observatory362.com,Observatory362,Professor,Taiwan,ab123
363,ayxzoqcm21,Gimnymj,Gimnymj@Observatory363.com,Observatory363,Student,Taiwan,ab123
364,jdzmxbve15,Dcpdtpz,Dcpdtpz@Observatory364.com,Observatory364,Postdoc,Korea,ab123
365,zxrelqwz28,Qlisrsx,Qlisrsx@Observatory365.com,Observatory365,Professor,Taiwan,ab123
366,dzebzzbp54,Owtbyog,Owtbyog@Observatory366.com,Observatory366,Student,Taiwan,ab123
367,nzxqnztc7,Rvflpaa,Rvflpaa@Observatory367.com,Observatory367,Postdoc,Germany,ab123
368,ufbulduc3,Ajsolao,Ajsolao@Observatory368.com,Observatory368,Student,Taiwan,ab123
369,dbbjdwxg53,Yblicnw,Yblicnw@Observatory369.com,Observatory369,Postdoc,Taiwan,ab123
370,ihrqgnzo6,Qamelan,Qamelan@Observatory370.com,Observatory370,Student,Taiwan,ab123
371,tgtiafcs52,Gqpupgr,Gqpupgr@Observatory371.com,Observatory371,Amature,USA,ab123
372,smautwrv20,Wcybgfk,Wcybgfk@Observatory372.com,Observatory372,Postdoc,Taiwan,ab123
373,nqmlgqjx16,Mpghlki,Mpghlki@Observatory373.com,Observatory373,Postdoc,Taiwan,ab123
374,lbolwzme51,Vdtzpei,Vdtzpei@Observatory374.com,Observatory374,Student,Taiwan,ab123
375,vfcfuwci34,Luuzsxc,Luuzsxc@Observatory375.com,Observatory375,Student,Japan,ab123
376,ichcbaxw39,Hxzfgnp,Hxzfgnp@Observatory376.com,Observatory376,Professor,France,ab123
377,svnwxhsc46,Pzqujbr,Pzqujbr@Observatory377.com,Observatory377,Amature,Taiwan,ab123
378,gpoljgkw6,Juifwgj,Juifwgj@Observatory378.com,Observatory378,Student,Taiwan,ab123
379,vwmydezc19,Anhtbvp,Anhtbvp@Observatory379.com,Observatory379,Student,USA,ab123
380,czlfizwa53,Mbcnhuz,Mbcnhuz@Observatory380.com,Observatory380,Amature,Japan,ab123
381,uuwnmhsd14,Ybqbyni,Ybqbyni@Observatory381.com,Observatory381,Student,Korea,ab123
382,qpwwqrtd56,Umweafx,Umweafx@Observatory382.com,Observatory382,Student,Taiwan,ab123
383,nuazeedv4,Xsypavg,Xsypavg@Observatory383.com,Observatory383,Student,Taiwan,ab123
384,ckfqgymf2,Jsoshjm,Jsoshjm@Observatory384.com,Observatory384,Student,Taiwan,ab123
385,zqioujli42,Wahzejd,Wahzejd@Observatory385.com,Observatory385,Postdoc,Taiwan,ab123
386,xmfuqbci56,Rjfgfzt,Rjfgfzt@Observatory386.com,Observatory386,Student,Taiwan,ab123
387,xiigimfv36,Zocncrw,Zocncrw@Observatory387.com,Observatory387,Amature,Taiwan,ab123
388,yedyuhen43,Xeedaso,Xeedaso@Observatory388.com,Observatory388,Amature,Taiwan,ab123
389,txslwifl4,Pclshck,Pclshck@Observatory389.com,Observatory389,Amature,Taiwan,ab123
390,joqmvukt27,Evdevdt,Evdevdt@Observatory390.com,Observatory390,Amature,Korea,ab123
391,uafcnihh6,Lrxpwhb,Lrxpwhb@Observatory391.com,Observatory391,Postdoc,Taiwan,ab123
392,kgvudsea13,Pvdtwxu,Pvdtwxu@Observatory392.com,Observatory392,Postdoc,Korea,ab123
393,zellfbzi3,Jsrxjjy,Jsrxjjy@Observatory393.com,Observatory393,Professor,Taiwan,ab123
394,ekyfxfyr28,Tlugwvm,Tlugwvm@Observatory394.com,Observatory394,Student,Japan,ab123
395,nfiqatxo50,Dozoepg,Dozoepg@Observatory395.com,Observatory395,Postdoc,Taiwan,ab123
396,inxquhml1,Sgctvps,Sgctvps@Observatory396.com,Observatory396,Postdoc,Taiwan,ab123
397,eptjgjgb36,Npbrseh,Npbrseh@Observatory397.com,Observatory397,Amature,Spain,ab123
398,kdmngjzc2,Yeizlub,Yeizlub@Observatory398.com,Observatory398,Student,Taiwan,ab123
399,jccwsstm26,Scjbagy,Scjbagy@Observatory399.com,Observatory399,Student,Taiwan,ab123
400,iwcqcfnn23,Mbsxkjq,Mbsxkjq@Observatory400.com,Observatory400,Postdoc,Taiwan,ab123
401,zrjiasay57,Wetepel,Wetepel@Observatory401.com,Observatory401,Amature,Taiwan,ab123
402,wqeemdhv29,Tjihqtn,Tjihqtn@Observatory402.com,Observatory402,Amature,Germany,ab123
403,gksiwbtd13,Aubkppz,Aubkppz@Observatory403.com,Observatory403,Student,Taiwan,ab123
404,xtxjeuqc33,Pvrdpbm,Pvrdpbm@Observatory404.com,Observatory404,Amature,Taiwan,ab123
405,tayqvcyg46,Taddvmo,Taddvmo@Observatory405.com,Observatory405,Student,Taiwan,ab123
406,ymkgkdoc4,Mmtxnvg,Mmtxnvg@Observatory406.com,Observatory406,Professor,Spain,ab123
407,tdrimtbv51,Wtzwrnf,Wtzwrnf@Observatory407.com,Observatory407,Professor,Japan,ab123
408,osmmnavc31,Oszkbnn,Oszkbnn@Observatory408.com,Observatory408,Amature,Taiwan,ab123
409,sjcxeuig53,Ilferug,Ilferug@Observatory409.com,Observatory409,Amature,Taiwan,ab123
410,esrqhnfo8,Lmwyrhg,Lmwyrhg@Observatory410.com,Observatory410,Professor,Taiwan,ab123
411,odwwxygl16,Zhzpgpg,Zhzpgpg@Observatory411.com,Observatory411,Student,Taiwan,ab123
412,ywqwufsx9,Glanokk,Glanokk@Observatory412.com,Observatory412,Amature,Taiwan,ab123
413,kowsypqc11,Qyokeui,Qyokeui@Observatory413.com,Observatory413,Student,Taiwan,ab123
414,huftpcif27,Txxrqpp,Txxrqpp@Observatory414.com,Observatory414,Amature,Japan,ab123
415,nyfpcjzk23,Jxdggdi,Jxdggdi@Observatory415.com,Observatory415,Amature,Taiwan,ab123
416,hdsodold5,Ketrxry,Ketrxry@Observatory416.com,Observatory416,Amature,Spain,ab123
417,jnmgzgyz40,Mgtpnsc,Mgtpnsc@Observatory417.com,Observatory417,Student,Taiwan,ab123
418,dlshwcjn9,Kepasnj,Kepasnj@Observatory418.com,Observatory418,Student,Taiwan,ab123
419,sibzczvx26,Hotjmsn,Hotjmsn@Observatory419.com,Observatory419,Amature,Taiwan,ab123
420,yxcirzlb28,Dtdtxyw,Dtdtxyw@Observatory420.com,Observatory420,Student,Korea,ab123
421,ntbvqypo34,Dawboqk,Dawboqk@Observatory421.com,Observatory421,Student,Taiwan,ab123
422,jnpturdz49,Obhfgqg,Obhfgqg@Observatory422.com,Observatory422,Student,Taiwan,ab123
423,fwttjmcg40,Todgdtl,Todgdtl@Observatory423.com,Observatory423,Student,Taiwan,ab123
424,pipjjytx54,Catllos,Catllos@Observatory424.com,Observatory424,Amature,Japan,ab123
425,gcnrmbwm27,Qlipawl,Qlipawl@Observatory425.com,Observatory425,Professor,Taiwan,ab123
426,slfzepws31,Daznseu,Daznseu@Observatory426.com,Observatory426,Professor,Taiwan,ab123
427,dpqclufp51,Pqdfarz,Pqdfarz@Observatory427.com,Observatory427,Student,Taiwan,ab123
428,thknrepm55,Caavvbc,Caavvbc@Observatory428.com,Observatory428,Student,Taiwan,ab123
429,bjwppisd52,Qwdqods,Qwdqods@Observatory429.com,Observatory429,Postdoc,Taiwan,ab123
430,jkfxvdbd38,Nsztqlv,Nsztqlv@Observatory430.com,Observatory430,Student,Germany,ab123
431,oewkcwfv29,Qfmcaxl,Qfmcaxl@Observatory431.com,Observatory431,Student,Taiwan,ab123
432,rzkdqfzz11,Qlfzvbp,Qlfzvbp@Observatory432.com,Observatory432,Student,Taiwan,ab123
433,ohbidbzk18,Vnrfzzr,Vnrfzzr@Observatory433.com,Observatory433,Postdoc,Spain,ab123
434,bngwawsy56,Wovcqcx,Wovcqcx@Observatory434.com,Observatory434,Professor,Taiwan,ab123
435,dtmulrvk41,Bwpjask,Bwpjask@Observatory435.com,Observatory435,Amature,Taiwan,ab123
436,fchmmtgw17,Mczxgbd,Mczxgbd@Observatory436.com,Observatory436,Amature,Taiwan,ab123
437,wcvphlkc19,Izjhtsa,Izjhtsa@Observatory437.com,Observatory437,Professor,USA,ab123
438,hnvhbiic48,Zfjdbqg,Zfjdbqg@Observatory438.com,Observatory438,Student,Korea,ab123
439,ondpdixn29,Jfnvyga,Jfnvyga@Observatory439.com,Observatory439,Amature,Taiwan,ab123
440,szvphrvd18,Dhevgbe,Dhevgbe@Observatory440.com,Observatory440,Postdoc,Germany,ab123
441,mfkmodub11,Xvlpnvd,Xvlpnvd@Observatory441.com,Observatory441,Professor,Taiwan,ab123
442,mkrkvmdu26,Mospmld,Mospmld@Observatory442.com,Observatory442,Student,Korea,ab123
443,xvfbxztj13,Albgasw,Albgasw@Observatory443.com,Observatory443,Amature,Taiwan,ab123
444,hvpyyzyp11,Nypuyix,Nypuyix@Observatory444.com,Observatory444,Amature,Taiwan,ab123
445,djlvqnyw48,Goilokf,Goilokf@Observatory445.com,Observatory445,Amature,Taiwan,ab123
446,bhjbmvru40,Qkyuqiy,Qkyuqiy@Observatory446.com,Observatory446,Amature,Taiwan,ab123
447,iilfjfml57,Rqosqsd,Rqosqsd@Observatory447.com,Observatory447,Postdoc,France,ab123
448,hzetbdpb13,Qqqhazv,Qqqhazv@Observatory448.com,Observatory448,Student,France,ab123
449,xbhvmfum39,Xxgqixr,Xxgqixr@Observatory449.com,Observatory449,Student,Taiwan,ab123
450,momfbfaw44,Cdahrea,Cdahrea@Observatory450.com,Observatory450,Amature,Taiwan,ab123
451,zregpbur27,Yhcaxtj,Yhcaxtj@Observatory451.com,Observatory451,Amature,Taiwan,ab123
452,kixgiobg30,Uijldbc,Uijldbc@Observatory452.com,Observatory452,Amature,USA,ab123
453,ekjlkjbq33,Jxposdp,Jxposdp@Observatory453.com,Observatory453,Student,Taiwan,ab123
454,eakmcatt46,Kqhqqzl,Kqhqqzl@Observatory454.com,Observatory454,Student,Taiwan,ab123
455,fnoigbug47,Zkhyhhg,Zkhyhhg@Observatory455.com,Observatory455,Postdoc,Taiwan,ab123
456,wmgdbhso4,Uhftldu,Uhftldu@Observatory456.com,Observatory456,Student,Taiwan,ab123
457,ieqzpjkd52,Ohesolo,Ohesolo@Observatory457.com,Observatory457,Postdoc,Taiwan,ab123
458,elyqaltu28,Zqwebnn,Zqwebnn@Observatory458.com,Observatory458,Student,Germany,ab123
459,wwpmknmn34,Fxqwduv,Fxqwduv@Observatory459.com,Observatory459,Professor,France,ab123
460,lisdqzgo10,Wpufasf,Wpufasf@Observatory460.com,Observatory460,Postdoc,Taiwan,ab123
461,scaiarsf7,Tpqldmr,Tpqldmr@Observatory461.com,Observatory461,Student,Taiwan,ab123
462,kbgsovcs28,Dhshmxf,Dhshmxf@Observatory462.com,Observatory462,Amature,Taiwan,ab123
463,rflztkdr12,Ochwzpe,Ochwzpe@Observatory463.com,Observatory463,Postdoc,Japan,ab123
464,ytpguqpv11,Fblcgaf,Fblcgaf@Observatory464.com,Observatory464,Student,Japan,ab123
465,dgepobbw29,Krnthiu,Krnthiu@Observatory465.com,Observatory465,Amature,Taiwan,ab123
466,pzfaxlig54,Ivzafeo,Ivzafeo@Observatory466.com,Observatory466,Student,Taiwan,ab123
467,qjlmmdgl4,Qvrfgfg,Qvrfgfg@Observatory467.com,Observatory467,Student,Taiwan,ab123
468,hiblpoii17,Yntsdvn,Yntsdvn@Observatory468.com,Observatory468,Professor,Taiwan,ab123
469,epmitmqz35,Rxeoehg,Rxeoehg@Observatory469.com,Observatory469,Amature,Taiwan,ab123
470,zkubbimn3,Vgtrlnx,Vgtrlnx@Observatory470.com,Observatory470,Amature,France,ab123
471,xdjpwoit56,Ejzqubw,Ejzqubw@Observatory471.com,Observatory471,Student,Taiwan,ab123
472,gordtwwx43,Mcxhabc,Mcxhabc@Observatory472.com,Observatory472,Professor,USA,ab123
473,bxnaosps38,Onfpqcz,Onfpqcz@Observatory473.com,Observatory473,Amature,Taiwan,ab123
474,tdabgbon14,Uzisblr,Uzisblr@Observatory474.com,Observatory474,Amature,Taiwan,ab123
475,xthjecdf0,Pmzzpqc,Pmzzpqc@Observatory475.com,Observatory475,Amature,Taiwan,ab123
476,ahqenaew26,Jzrsyxj,Jzrsyxj@Observatory476.com,Observatory476,Professor,Taiwan,ab123
477,khfazkbr19,Vpoyeno,Vpoyeno@Observatory477.com,Observatory477,Professor,Japan,ab123
478,qevjphmq3,Iyhzfwk,Iyhzfwk@Observatory478.com,Observatory478,Student,Taiwan,ab123
479,asqyclgp42,Nbubydq,Nbubydq@Observatory479.com,Observatory479,Student,Taiwan,ab123
480,ljsxdreg22,Lrqmvgm,Lrqmvgm@Observatory480.com,Observatory480,Student,Taiwan,ab123
481,wlrqbemv30,Gmlonlk,Gmlonlk@Observatory481.com,Observatory481,Student,Spain,ab123
482,vuomiaug37,Ojssirq,Ojssirq@Observatory482.com,Observatory482,Student,Taiwan,ab123
483,strnlbmg14,Mjtzdrl,Mjtzdrl@Observatory483.com,Observatory483,Amature,Taiwan,ab123
484,fqilbhyk27,Vaojlku,Vaojlku@Observatory484.com,Observatory484,Amature,Taiwan,ab123
485,hdurvicu12,Canrnfg,Canrnfg@Observatory485.com,Observatory485,Professor,Taiwan,ab123
486,wtyiiywf40,Kelbpiq,Kelbpiq@Observatory486.com,Observatory486,Postdoc,Korea,ab123
487,rnlxijau15,Gngyhef,Gngyhef@Observatory487.com,Observatory487,Amature,Taiwan,ab123
488,zwuqstwq43,Myihaec,Myihaec@Observatory488.com,Observatory488,Postdoc,Taiwan,ab123
489,whbhxnxe32,Qemjbvk,Qemjbvk@Observatory489.com,Observatory489,Postdoc,Japan,ab123
490,qebgilme8,Hwystwo,Hwystwo@Observatory490.com,Observatory490,Professor,Taiwan,ab123
491,qilayhmd49,Yshbwwv,Yshbwwv@Observatory491.com,Observatory491,Amature,Taiwan,ab123
492,aimbqwxr19,Ewbxoee,Ewbxoee@Observatory492.com,Observatory492,Student,Taiwan,ab123
493,cdaeumew48,Vwaoceu,Vwaoceu@Observatory493.com,Observatory493,Professor,Taiwan,ab123
494,hlrsfgnk47,Hbzuhuz,Hbzuhuz@Observatory494.com,Observatory494,Student,Taiwan,ab123
495,mguxqnrt39,Tqicrjh,Tqicrjh@Observatory495.com,Observatory495,Amature,USA,ab123
496,xffaifre25,Nvxtdvq,Nvxtdvq@Observatory496.com,Observatory496,Professor,Taiwan,ab123
497,oneyqyik8,Dqjuimp,Dqjuimp@Observatory497.com,Observatory497,Postdoc,Taiwan,ab123
498,ksncfpyd13,Yuuiqik,Yuuiqik@Observatory498.com,Observatory498,Amature,Taiwan,ab123
499,vmygqoev7,Ibfhqhy,Ibfhqhy@Observatory499.com,Observatory499,Postdoc,Taiwan,ab123
500,jfdqlzoj1,Ovaqdzx,Ovaqdzx@Observatory500.com,Observatory500,Amature,Taiwan,ab123
501,rzlwsada30,Xlajjuj,Xlajjuj@Observatory501.com,Observatory501,Amature,Taiwan,ab123
502,loksztkq46,Rdfklts,Rdfklts@Observatory502.com,Observatory502,Amature,Korea,ab123
503,uviloqbx57,Pbgumpr,Pbgumpr@Observatory503.com,Observatory503,Student,Taiwan,ab123
504,yugmucix43,Ydqwzsa,Ydqwzsa@Observatory504.com,Observatory504,Postdoc,Taiwan,ab123
505,zpdagsrk19,Xmemgkh,Xmemgkh@Observatory505.com,Observatory505,Student,USA,ab123
506,hvhkcvez18,Vjnwamj,Vjnwamj@Observatory506.com,Observatory506,Student,Taiwan,ab123
507,piankhjj18,Aramfma,Aramfma@Observatory507.com,Observatory507,Postdoc,Taiwan,ab123
508,dnpogiuk58,Mtmsiuu,Mtmsiuu@Observatory508.com,Observatory508,Amature,Taiwan,ab123
509,fluffzha41,Sxycjjp,Sxycjjp@Observatory509.com,Observatory509,Amature,France,ab123
510,jvljcjdr30,Kvccmsw,Kvccmsw@Observatory510.com,Observatory510,Postdoc,Taiwan,ab123
511,katwhyeh6,Wyuqief,Wyuqief@Observatory511.com,Observatory511,Amature,Taiwan,ab123
512,kdbhbinl6,Jsyssmg,Jsyssmg@Observatory512.com,Observatory512,Amature,Korea,ab123
513,fmtkqzbd29,Aqpjrts,Aqpjrts@Observatory513.com,Observatory513,Professor,Taiwan,ab123
514,ttnklyji56,Yfldtoq,Yfldtoq@Observatory514.com,Observatory514,Student,Taiwan,ab123
515,sqrnmrte23,Tebobla,Tebobla@Observatory515.com,Observatory515,Professor,Taiwan,ab123
516,ocsvtact22,Rdnamtq,Rdnamtq@Observatory516.com,Observatory516,Postdoc,Korea,ab123
517,rqfdxriy0,Pftysgc,Pftysgc@Observatory517.com,Observatory517,Postdoc,Spain,ab123
518,dhrkygfh2,Voijdjc,Voijdjc@Observatory518.com,Observatory518,Amature,Taiwan,ab123
519,jzqzzqqr6,Hapygxd,Hapygxd@Observatory519.com,Observatory519,Amature,Korea,ab123
520,xsozlshq6,Civisbt,Civisbt@Observatory520.com,Observatory520,Student,Taiwan,ab123
521,nvlbsayn0,Ayzuwdv,Ayzuwdv@Observatory521.com,Observatory521,Student,Taiwan,ab123
522,qabewklq54,Rfpnqxz,Rfpnqxz@Observatory522.com,Observatory522,Student,Taiwan,ab123
523,dumeqwfw21,Tufpawr,Tufpawr@Observatory523.com,Observatory523,Amature,Taiwan,ab123
524,ymdraivg24,Loybfkm,Loybfkm@Observatory524.com,Observatory524,Amature,Taiwan,ab123
525,zuairgpx57,Pircuxd,Pircuxd@Observatory525.com,Observatory525,Professor,Taiwan,ab123
526,rifseqce46,Ufbuufg,Ufbuufg@Observatory526.com,Observatory526,Amature,Taiwan,ab123
527,ybkhhgbn59,Ctgequy,Ctgequy@Observatory527.com,Observatory527,Student,Taiwan,ab123
528,qyqjpacw11,Esqyezv,Esqyezv@Observatory528.com,Observatory528,Postdoc,Taiwan,ab123
529,bghgtufp34,Cggwdjg,Cggwdjg@Observatory529.com,Observatory529,Student,Taiwan,ab123
530,ctzhyvhj17,Kqrtsps,Kqrtsps@Observatory530.com,Observatory530,Postdoc,Taiwan,ab123
531,bfmvinju9,Lmxmdpk,Lmxmdpk@Observatory531.com,Observatory531,Amature,France,ab123
532,uaatuijj46,Noltacq,Noltacq@Observatory532.com,Observatory532,Amature,Taiwan,ab123
533,vmrunizh27,Pfxaofv,Pfxaofv@Observatory533.com,Observatory533,Student,Taiwan,ab123
534,sifbzssi36,Jabctht,Jabctht@Observatory534.com,Observatory534,Student,Taiwan,ab123
535,dvfcexne22,Ooatyqa,Ooatyqa@Observatory535.com,Observatory535,Student,Taiwan,ab123
536,maxdfxow5,Grxtmbl,Grxtmbl@Observatory536.com,Observatory536,Student,Taiwan,ab123
537,skojnmck30,Qfrwrse,Qfrwrse@Observatory537.com,Observatory537,Student,Taiwan,ab123
538,xkgklrlt32,Ybfrutj,Ybfrutj@Observatory538.com,Observatory538,Postdoc,Taiwan,ab123
539,zzsahmff20,Ufmfopm,Ufmfopm@Observatory539.com,Observatory539,Student,Taiwan,ab123
540,rcuulnbj8,Botsoby,Botsoby@Observatory540.com,Observatory540,Postdoc,Taiwan,ab123
541,eglaxzkk24,Ryrncfm,Ryrncfm@Observatory541.com,Observatory541,Student,Taiwan,ab123
542,glqkstxy38,Iqjvzcm,Iqjvzcm@Observatory542.com,Observatory542,Student,Taiwan,ab123
543,ydnsblfz22,Xgddmoe,Xgddmoe@Observatory543.com,Observatory543,Amature,Taiwan,ab123
544,owjkmmkq22,Opxytks,Opxytks@Observatory544.com,Observatory544,Student,Taiwan,ab123
545,ruuzkcls50,Sbzmmsh,Sbzmmsh@Observatory545.com,Observatory545,Amature,Spain,ab123
546,rlronzfh36,Llwltvo,Llwltvo@Observatory546.com,Observatory546,Postdoc,Germany,ab123
547,rzmeawgc27,Danksqg,Danksqg@Observatory547.com,Observatory547,Postdoc,Taiwan,ab123
548,efmidkkd15,Qxlqaoj,Qxlqaoj@Observatory548.com,Observatory548,Professor,Taiwan,ab123
549,agcguhkb55,Luujvob,Luujvob@Observatory549.com,Observatory549,Postdoc,Taiwan,ab123
550,mdhkuaaz3,Jqiqvsx,Jqiqvsx@Observatory550.com,Observatory550,Amature,Taiwan,ab123
551,mfbcvhhq55,Sqnczlf,Sqnczlf@Observatory551.com,Observatory551,Amature,France,ab123
552,oxvieqnd44,Gaugzfm,Gaugzfm@Observatory552.com,Observatory552,Amature,Taiwan,ab123
553,couhiesn16,Ccjvolc,Ccjvolc@Observatory553.com,Observatory553,Postdoc,Korea,ab123
554,bblzckli25,Jpzembp,Jpzembp@Observatory554.com,Observatory554,Student,Spain,ab123
555,recyhoow15,Zmqvvwd,Zmqvvwd@Observatory555.com,Observatory555,Professor,Korea,ab123
556,pjtkczdi29,Icpuivu,Icpuivu@Observatory556.com,Observatory556,Student,Taiwan,ab123
557,qttxrgas20,Agamwop,Agamwop@Observatory557.com,Observatory557,Amature,Taiwan,ab123
558,yojmuknl24,Jnqkoeh,Jnqkoeh@Observatory558.com,Observatory558,Postdoc,Taiwan,ab123
559,ouypfmba39,Soscucf,Soscucf@Observatory559.com,Observatory559,Student,Taiwan,ab123
560,hlzwbasd48,Esiypml,Esiypml@Observatory560.com,Observatory560,Amature,Taiwan,ab123
561,qdjroylu7,Nnikazz,Nnikazz@Observatory561.com,Observatory561,Student,Japan,ab123
562,sinxuzwe15,Ttrwhrm,Ttrwhrm@Observatory562.com,Observatory562,Student,Germany,ab123
563,zjwhedcf56,Wpcetah,Wpcetah@Observatory563.com,Observatory563,Professor,Taiwan,ab123
564,astiynfe15,Czlpbmi,Czlpbmi@Observatory564.com,Observatory564,Student,Taiwan,ab123
565,efharsvf14,Tsamvwc,Tsamvwc@Observatory565.com,Observatory565,Student,Taiwan,ab123
566,mdxgoelm36,Ytepqlu,Ytepqlu@Observatory566.com,Observatory566,Amature,France,ab123
567,oynxicha51,Qxyieon,Qxyieon@Observatory567.com,Observatory567,Student,USA,ab123
568,otdwmijn21,Rfxufpx,Rfxufpx@Observatory568.com,Observatory568,Professor,Taiwan,ab123
569,tstoorpx4,Qibyvin,Qibyvin@Observatory569.com,Observatory569,Amature,Taiwan,ab123
570,fljbpclv11,Brmwwwa,Brmwwwa@Observatory570.com,Observatory570,Amature,Taiwan,ab123
571,qsimjois23,Kumzpsz,Kumzpsz@Observatory571.com,Observatory571,Amature,Taiwan,ab123
572,culytlch1,Xhzodda,Xhzodda@Observatory572.com,Observatory572,Amature,Japan,ab123
573,ligpqaqk42,Ysowhsj,Ysowhsj@Observatory573.com,Observatory573,Postdoc,Japan,ab123
574,qatragge56,Olhjuxb,Olhjuxb@Observatory574.com,Observatory574,Student,Taiwan,ab123
575,ntvhlujf17,Zloojsr,Zloojsr@Observatory575.com,Observatory575,Postdoc,Taiwan,ab123
576,hceurwee2,Xapwyrz,Xapwyrz@Observatory576.com,Observatory576,Postdoc,Taiwan,ab123
577,rkgixiev37,Nquwmzg,Nquwmzg@Observatory577.com,Observatory577,Postdoc,Taiwan,ab123
578,pzhzaisn47,Itjsrsb,Itjsrsb@Observatory578.com,Observatory578,Amature,Taiwan,ab123
579,xtggqmhl27,Nadumuw,Nadumuw@Observatory579.com,Observatory579,Amature,Taiwan,ab123
580,euqphvxc58,Yhkvxsj,Yhkvxsj@Observatory580.com,Observatory580,Amature,USA,ab123
581,qinvtkvi11,Lsazxxa,Lsazxxa@Observatory581.com,Observatory581,Professor,Korea,ab123
582,aeqjtahj27,Luhzdgw,Luhzdgw@Observatory582.com,Observatory582,Amature,Taiwan,ab123
583,fiocypwd22,Qvlnofe,Qvlnofe@Observatory583.com,Observatory583,Amature,Taiwan,ab123
584,ylxecjxb5,Ugnjxko,Ugnjxko@Observatory584.com,Observatory584,Student,Taiwan,ab123
585,uctfymxe45,Kolcrfg,Kolcrfg@Observatory585.com,Observatory585,Postdoc,Taiwan,ab123
586,ftqbdnxi31,Tzyzxis,Tzyzxis@Observatory586.com,Observatory586,Amature,Taiwan,ab123
587,srvtsorb39,Failbvg,Failbvg@Observatory587.com,Observatory587,Professor,Taiwan,ab123
588,pfktwptv10,Mlvlawz,Mlvlawz@Observatory588.com,Observatory588,Student,Taiwan,ab123
589,jgjmepzj39,Fcnbugn,Fcnbugn@Observatory589.com,Observatory589,Postdoc,Taiwan,ab123
590,joieqdbu46,Vncaibo,Vncaibo@Observatory590.com,Observatory590,Student,Taiwan,ab123
591,tmkxgeuq36,Itjsmsu,Itjsmsu@Observatory591.com,Observatory591,Professor,Taiwan,ab123
592,ckkgbvmm54,Rkxvlsa,Rkxvlsa@Observatory592.com,Observatory592,Amature,Taiwan,ab123
593,ngjakfec37,Trypntt,Trypntt@Observatory593.com,Observatory593,Amature,Taiwan,ab123
594,ebkdvrar8,Ddltxzk,Ddltxzk@Observatory594.com,Observatory594,Amature,Korea,ab123
595,hplccbxd49,Lnhwnex,Lnhwnex@Observatory595.com,Observatory595,Student,Spain,ab123
596,patakgej37,Gapbtvw,Gapbtvw@Observatory596.com,Observatory596,Postdoc,Taiwan,ab123
597,fbxnamdw53,Qaosdmg,Qaosdmg@Observatory597.com,Observatory597,Student,Korea,ab123
598,qdwvtwjr40,Fehvcml,Fehvcml@Observatory598.com,Observatory598,Postdoc,Taiwan,ab123
599,hwacfqqw59,Rxuhzxw,Rxuhzxw@Observatory599.com,Observatory599,Student,Taiwan,ab123
600,qokmtrzn12,Fadukwl,Fadukwl@Observatory600.com,Observatory600,Student,Taiwan,ab123
601,fmyupejz29,Cctnyyn,Cctnyyn@Observatory601.com,Observatory601,Postdoc,Korea,ab123
602,pljyyyex35,Ecaenzv,Ecaenzv@Observatory602.com,Observatory602,Student,Taiwan,ab123
603,kghdcnht43,Ehmusad,Ehmusad@Observatory603.com,Observatory603,Professor,Taiwan,ab123
604,vkesnozn24,Iyffvfp,Iyffvfp@Observatory604.com,Observatory604,Postdoc,Germany,ab123
605,ylutohyf0,Jmfiixr,Jmfiixr@Observatory605.com,Observatory605,Amature,Taiwan,ab123
606,uhwzzjun20,Sdzoubd,Sdzoubd@Observatory606.com,Observatory606,Student,Taiwan,ab123
607,qgqkkuax19,Vahuinz,Vahuinz@Observatory607.com,Observatory607,Professor,USA,ab123
608,zowekftk36,Whrawtp,Whrawtp@Observatory608.com,Observatory608,Student,Germany,ab123
609,jikmttrh20,Gfhpeob,Gfhpeob@Observatory609.com,Observatory609,Professor,Taiwan,ab123
610,plkwpzbg54,Tzrqzdf,Tzrqzdf@Observatory610.com,Observatory610,Student,Taiwan,ab123
611,xrufywdn18,Mcmobnf,Mcmobnf@Observatory611.com,Observatory611,Student,Taiwan,ab123
612,obpcbatt59,Vbshlmf,Vbshlmf@Observatory612.com,Observatory612,Student,France,ab123
613,xgdojabp0,Hxcvrwp,Hxcvrwp@Observatory613.com,Observatory613,Amature,Taiwan,ab123
614,bgeehzjm54,Ohipynq,Ohipynq@Observatory614.com,Observatory614,Amature,Germany,ab123
615,phwnsgky39,Mrqxoly,Mrqxoly@Observatory615.com,Observatory615,Amature,Taiwan,ab123
616,lqyuxyxg56,Zxfiqcc,Zxfiqcc@Observatory616.com,Observatory616,Amature,Taiwan,ab123
617,kplhprbh20,Intiifo,Intiifo@Observatory617.com,Observatory617,Postdoc,Taiwan,ab123
618,ifspaxim36,Jkvolnk,Jkvolnk@Observatory618.com,Observatory618,Postdoc,Taiwan,ab123
619,vcxsjwou28,Hpscbzy,Hpscbzy@Observatory619.com,Observatory619,Student,Taiwan,ab123
620,nvwyfjuw40,Vggubkz,Vggubkz@Observatory620.com,Observatory620,Amature,Taiwan,ab123
621,aveyfyfq50,Xsvtdvo,Xsvtdvo@Observatory621.com,Observatory621,Professor,Taiwan,ab123
622,ntovpfwp47,Tlgrqyt,Tlgrqyt@Observatory622.com,Observatory622,Student,France,ab123
623,potyfbnn55,Cqfrwnj,Cqfrwnj@Observatory623.com,Observatory623,Student,Taiwan,ab123
624,jqubeusf42,Anpckgq,Anpckgq@Observatory624.com,Observatory624,Amature,Korea,ab123
625,cbqwiynt58,Atxuxxe,Atxuxxe@Observatory625.com,Observatory625,Student,Taiwan,ab123
626,qwezndpp39,Vdreico,Vdreico@Observatory626.com,Observatory626,Professor,Taiwan,ab123
627,koavsafv33,Agodkao,Agodkao@Observatory627.com,Observatory627,Amature,Germany,ab123
628,wxongunt30,Kykrdkq,Kykrdkq@Observatory628.com,Observatory628,Amature,Taiwan,ab123
629,jctetcgz27,Psirehl,Psirehl@Observatory629.com,Observatory629,Amature,Taiwan,ab123
630,uavybcze1,Nedvghz,Nedvghz@Observatory630.com,Observatory630,Student,USA,ab123
631,ziiwiboi46,Uiitjvo,Uiitjvo@Observatory631.com,Observatory631,Postdoc,Taiwan,ab123
632,yovhybdv1,Rsjkfjv,Rsjkfjv@Observatory632.com,Observatory632,Student,Japan,ab123
633,mvfogqvy46,Xuxefbn,Xuxefbn@Observatory633.com,Observatory633,Postdoc,Taiwan,ab123
634,wameicmq50,Syfpwnr,Syfpwnr@Observatory634.com,Observatory634,Amature,Taiwan,ab123
635,mnkbbihq58,Lmrlzra,Lmrlzra@Observatory635.com,Observatory635,Amature,Taiwan,ab123
636,nizmeelu13,Qtggkvn,Qtggkvn@Observatory636.com,Observatory636,Student,Taiwan,ab123
637,glzkauas17,Tcvbrci,Tcvbrci@Observatory637.com,Observatory637,Postdoc,France,ab123
638,yihmknyr21,Zjvemfw,Zjvemfw@Observatory638.com,Observatory638,Professor,Taiwan,ab123
639,cxskrnsj17,Jkczbwm,Jkczbwm@Observatory639.com,Observatory639,Amature,Taiwan,ab123
640,oqitwwxj32,Gtmchyi,Gtmchyi@Observatory640.com,Observatory640,Student,Germany,ab123
641,fykotfro11,Anufbpp,Anufbpp@Observatory641.com,Observatory641,Postdoc,Taiwan,ab123
642,izfwfbph49,Pmovrbp,Pmovrbp@Observatory642.com,Observatory642,Student,Germany,ab123
643,jbedfhnu39,Jwjlnci,Jwjlnci@Observatory643.com,Observatory643,Amature,Taiwan,ab123
644,ujcizrjm11,Hzlulse,Hzlulse@Observatory644.com,Observatory644,Postdoc,Taiwan,ab123
645,qeiqwvwn1,Tmaekou,Tmaekou@Observatory645.com,Observatory645,Student,Taiwan,ab123
646,wulhmfsu59,Ggfhuvo,Ggfhuvo@Observatory646.com,Observatory646,Student,Taiwan,ab123
647,cqftgpgg55,Klhixse,Klhixse@Observatory647.com,Observatory647,Student,Taiwan,ab123
648,zbayqhuq21,Kilksqi,Kilksqi@Observatory648.com,Observatory648,Amature,Taiwan,ab123
649,fmbadenf2,Aqhrfep,Aqhrfep@Observatory649.com,Observatory649,Amature,USA,ab123
650,rvtwwjyz56,Atrvvqh,Atrvvqh@Observatory650.com,Observatory650,Postdoc,Taiwan,ab123
651,hmwnxblq14,Ztsitkf,Ztsitkf@Observatory651.com,Observatory651,Amature,Taiwan,ab123
652,sqekguiu46,Ptnlrqg,Ptnlrqg@Observatory652.com,Observatory652,Student,Taiwan,ab123
653,srjrvejs57,Sgrvhin,Sgrvhin@Observatory653.com,Observatory653,Student,Taiwan,ab123
654,dtyuiqvt8,Sqnxbon,Sqnxbon@Observatory654.com,Observatory654,Professor,Taiwan,ab123
655,vjwhysfy22,Ampxlel,Ampxlel@Observatory655.com,Observatory655,Amature,Taiwan,ab123
656,ozbslyvs14,Mhwhldm,Mhwhldm@Observatory656.com,Observatory656,Student,USA,ab123
657,kiewwqmc28,Ewlsspx,Ewlsspx@Observatory657.com,Observatory657,Postdoc,Korea,ab123
658,eibvwrjb11,Eviqxav,Eviqxav@Observatory658.com,Observatory658,Professor,Taiwan,ab123
659,xoqkhvjn51,Ilimpox,Ilimpox@Observatory659.com,Observatory659,Postdoc,Taiwan,ab123
660,pflzrhbb28,Bjjccza,Bjjccza@Observatory660.com,Observatory660,Amature,Taiwan,ab123
661,wcxgnpcl14,Ojfgvoq,Ojfgvoq@Observatory661.com,Observatory661,Amature,Germany,ab123
662,jzjpbems29,Foxvxib,Foxvxib@Observatory662.com,Observatory662,Student,Taiwan,ab123
663,otfvlxil2,Shsweko,Shsweko@Observatory663.com,Observatory663,Postdoc,Germany,ab123
664,cvufrajd51,Hfcjyng,Hfcjyng@Observatory664.com,Observatory664,Amature,France,ab123
665,lpfxaymt37,Hmuihwh,Hmuihwh@Observatory665.com,Observatory665,Student,USA,ab123
666,emadoltd20,Bylzlff,Bylzlff@Observatory666.com,Observatory666,Student,France,ab123
667,aseqgzws35,Xspmtne,Xspmtne@Observatory667.com,Observatory667,Student,USA,ab123
668,cekwkgsx4,Jhraypw,Jhraypw@Observatory668.com,Observatory668,Student,Taiwan,ab123
669,kantlppq20,Uueegxr,Uueegxr@Observatory669.com,Observatory669,Amature,France,ab123
670,ekekhmeo31,Yfiyqyk,Yfiyqyk@Observatory670.com,Observatory670,Student,Taiwan,ab123
671,hegfafmq30,Joreycn,Joreycn@Observatory671.com,Observatory671,Student,France,ab123
672,oqrttlxr48,Zenoqnn,Zenoqnn@Observatory672.com,Observatory672,Amature,Taiwan,ab123
673,mrxeusro25,Ujwintm,Ujwintm@Observatory673.com,Observatory673,Amature,Taiwan,ab123
674,edmpdkbf44,Zsgadvb,Zsgadvb@Observatory674.com,Observatory674,Student,Taiwan,ab123
675,cmrqwzpa39,Fnxzhej,Fnxzhej@Observatory675.com,Observatory675,Student,USA,ab123
676,dnhjrntp27,Ziukbfe,Ziukbfe@Observatory676.com,Observatory676,Student,France,ab123
677,uneickix13,Qesmtjg,Qesmtjg@Observatory677.com,Observatory677,Student,Taiwan,ab123
678,jyidrobv0,Wuqevui,Wuqevui@Observatory678.com,Observatory678,Amature,Germany,ab123
679,iisoyfji15,Pwvccmc,Pwvccmc@Observatory679.com,Observatory679,Amature,France,ab123
680,rfxidsbl49,Hqtwznb,Hqtwznb@Observatory680.com,Observatory680,Postdoc,Spain,ab123
681,qzpjvpmw56,Bpaknud,Bpaknud@Observatory681.com,Observatory681,Postdoc,Taiwan,ab123
682,tqatkqmz55,Mjqkmxj,Mjqkmxj@Observatory682.com,Observatory682,Amature,Taiwan,ab123
683,ipyfqwwx4,Pdgajbh,Pdgajbh@Observatory683.com,Observatory683,Professor,Taiwan,ab123
684,hjxhqdya59,Xvkhjih,Xvkhjih@Observatory684.com,Observatory684,Student,France,ab123
685,xlvfxarj16,Tlaezhj,Tlaezhj@Observatory685.com,Observatory685,Student,Taiwan,ab123
686,vgacexxk52,Xbmqsjx,Xbmqsjx@Observatory686.com,Observatory686,Student,Taiwan,ab123
687,carjxfzo27,Dgpaiel,Dgpaiel@Observatory687.com,Observatory687,Professor,Taiwan,ab123
688,fhbjxnwn0,Fngkzmo,Fngkzmo@Observatory688.com,Observatory688,Amature,Spain,ab123
689,klsecgvv15,Lyuojje,Lyuojje@Observatory689.com,Observatory689,Student,Taiwan,ab123
690,ccowjpxd43,Oyawtce,Oyawtce@Observatory690.com,Observatory690,Amature,Taiwan,ab123
691,jgwlnrlx17,Hxvytjt,Hxvytjt@Observatory691.com,Observatory691,Student,Germany,ab123
692,gpdbzwgi17,Xxtebsr,Xxtebsr@Observatory692.com,Observatory692,Professor,Taiwan,ab123
693,xjtjdkhx16,Lfxaqgw,Lfxaqgw@Observatory693.com,Observatory693,Student,Taiwan,ab123
694,mhibcznr39,Mdzwzyk,Mdzwzyk@Observatory694.com,Observatory694,Student,Germany,ab123
695,lpzirlkn11,Hhvjzhm,Hhvjzhm@Observatory695.com,Observatory695,Postdoc,Taiwan,ab123
696,zlsrhmmz55,Sufrkpy,Sufrkpy@Observatory696.com,Observatory696,Professor,USA,ab123
697,nibwbssx53,Nbsjror,Nbsjror@Observatory697.com,Observatory697,Postdoc,USA,ab123
698,tzesndnq35,Laxbanl,Laxbanl@Observatory698.com,Observatory698,Postdoc,Taiwan,ab123
699,wvlnskxh18,Udscqdj,Udscqdj@Observatory699.com,Observatory699,Student,Germany,ab123
700,yuchsusf8,Zwolopy,Zwolopy@Observatory700.com,Observatory700,Amature,Taiwan,ab123
701,sdslxftr45,Yknigeh,Yknigeh@Observatory701.com,Observatory701,Student,Spain,ab123
702,jobzjodv7,Smwbofh,Smwbofh@Observatory702.com,Observatory702,Amature,Taiwan,ab123
703,vpxqojnv28,Drjbamb,Drjbamb@Observatory703.com,Observatory703,Student,Taiwan,ab123
704,dhziucdt41,Iiooulu,Iiooulu@Observatory704.com,Observatory704,Amature,Taiwan,ab123
705,wxddukyl51,Ftzsnoy,Ftzsnoy@Observatory705.com,Observatory705,Amature,Taiwan,ab123
706,hmqlwyqr7,Mvnoybb,Mvnoybb@Observatory706.com,Observatory706,Professor,Taiwan,ab123
707,gmjzvltp34,Hbnrqml,Hbnrqml@Observatory707.com,Observatory707,Amature,Taiwan,ab123
708,shmfneul5,Quncugu,Quncugu@Observatory708.com,Observatory708,Professor,Taiwan,ab123
709,vvrhjcuc22,Iozkkhi,Iozkkhi@Observatory709.com,Observatory709,Student,Spain,ab123
710,zfoiryqx2,Txxpzfj,Txxpzfj@Observatory710.com,Observatory710,Amature,Japan,ab123
711,cbqimnnh35,Oephgwz,Oephgwz@Observatory711.com,Observatory711,Postdoc,Taiwan,ab123
712,dosflmhd13,Wayjxqs,Wayjxqs@Observatory712.com,Observatory712,Student,Taiwan,ab123
713,ntsdnmxt9,Qjtowcf,Qjtowcf@Observatory713.com,Observatory713,Student,Taiwan,ab123
714,azmtrfiw8,Cmikyrs,Cmikyrs@Observatory714.com,Observatory714,Amature,Taiwan,ab123
715,qdzzdtvd59,Tdfgmbd,Tdfgmbd@Observatory715.com,Observatory715,Student,Taiwan,ab123
716,pcrjpxtj25,Nptqzaw,Nptqzaw@Observatory716.com,Observatory716,Postdoc,Taiwan,ab123
717,mjmcfkaw49,Drptalf,Drptalf@Observatory717.com,Observatory717,Student,Japan,ab123
718,ulzjortd25,Mvljexc,Mvljexc@Observatory718.com,Observatory718,Amature,Taiwan,ab123
719,sapcarbo34,Jlbstof,Jlbstof@Observatory719.com,Observatory719,Student,Taiwan,ab123
720,dbzkvkgv54,Tvojngy,Tvojngy@Observatory720.com,Observatory720,Amature,Taiwan,ab123
721,bxfwfhob30,Fcddjjj,Fcddjjj@Observatory721.com,Observatory721,Amature,Taiwan,ab123
722,oldxamfo26,Ayqvwlx,Ayqvwlx@Observatory722.com,Observatory722,Postdoc,Taiwan,ab123
723,gfduwkau47,Tcbhaae,Tcbhaae@Observatory723.com,Observatory723,Postdoc,Taiwan,ab123
724,jyvmlqnt25,Jfkxspy,Jfkxspy@Observatory724.com,Observatory724,Student,Taiwan,ab123
725,pehlnnoy50,Jnblscd,Jnblscd@Observatory725.com,Observatory725,Postdoc,Taiwan,ab123
726,ioqavdwn45,Zipbuyp,Zipbuyp@Observatory726.com,Observatory726,Postdoc,Taiwan,ab123
727,gbclnqce4,Svaxzkb,Svaxzkb@Observatory727.com,Observatory727,Student,France,ab123
728,ohwndtcx44,Ueuhqdh,Ueuhqdh@Observatory728.com,Observatory728,Student,Taiwan,ab123
729,uisyotlk30,Yylzxnw,Yylzxnw@Observatory729.com,Observatory729,Student,Taiwan,ab123
730,fqfkiwgx58,Kmsyokv,Kmsyokv@Observatory730.com,Observatory730,Student,Japan,ab123
731,idohvnwf3,Udnxpoo,Udnxpoo@Observatory731.com,Observatory731,Amature,Taiwan,ab123
732,rmcnrxvg27,Avpqnwt,Avpqnwt@Observatory732.com,Observatory732,Student,Taiwan,ab123
733,vkwgsswn47,Zupobfz,Zupobfz@Observatory733.com,Observatory733,Professor,Taiwan,ab123
734,sezyjgiw2,Ecakqpp,Ecakqpp@Observatory734.com,Observatory734,Amature,Taiwan,ab123
735,jbbomdtg49,Ywjetmj,Ywjetmj@Observatory735.com,Observatory735,Professor,Taiwan,ab123
736,lltqchge58,Seniymm,Seniymm@Observatory736.com,Observatory736,Student,Taiwan,ab123
737,lispgxza51,Yiznggl,Yiznggl@Observatory737.com,Observatory737,Amature,Spain,ab123
738,agplxrrp54,Bzprqdr,Bzprqdr@Observatory738.com,Observatory738,Postdoc,Japan,ab123
739,xnzdjblk29,Dqfuoob,Dqfuoob@Observatory739.com,Observatory739,Student,Taiwan,ab123
740,mmucnaqr7,Wjlizjh,Wjlizjh@Observatory740.com,Observatory740,Amature,Taiwan,ab123
741,ycggohgd11,Cfstgym,Cfstgym@Observatory741.com,Observatory741,Student,Taiwan,ab123
742,rkfdsejj58,Vxbjign,Vxbjign@Observatory742.com,Observatory742,Student,Spain,ab123
743,rlkvownz29,Eftawld,Eftawld@Observatory743.com,Observatory743,Student,USA,ab123
744,oyvrsovi10,Npdxccb,Npdxccb@Observatory744.com,Observatory744,Amature,Germany,ab123
745,kgstfkcq27,Duiewxt,Duiewxt@Observatory745.com,Observatory745,Student,Taiwan,ab123
746,jlpnbmnj43,Jojevev,Jojevev@Observatory746.com,Observatory746,Amature,Taiwan,ab123
747,tukdnhao21,Iliiiyw,Iliiiyw@Observatory747.com,Observatory747,Student,Taiwan,ab123
748,evlttlxh42,Nnmuchx,Nnmuchx@Observatory748.com,Observatory748,Amature,Taiwan,ab123
749,edmjdcmn43,Wkfmlpo,Wkfmlpo@Observatory749.com,Observatory749,Amature,Taiwan,ab123
750,nzkssvrj32,Wndlnhl,Wndlnhl@Observatory750.com,Observatory750,Student,Korea,ab123
751,bgxexkvu37,Oeozedu,Oeozedu@Observatory751.com,Observatory751,Professor,Taiwan,ab123
752,mpaedojb48,Apcgzjb,Apcgzjb@Observatory752.com,Observatory752,Student,Spain,ab123
753,ljrcaqvi2,Gpfxqrn,Gpfxqrn@Observatory753.com,Observatory753,Student,Korea,ab123
754,riuigdct33,Oopxolm,Oopxolm@Observatory754.com,Observatory754,Student,Taiwan,ab123
755,vptgxvsv48,Qfaezmd,Qfaezmd@Observatory755.com,Observatory755,Amature,Japan,ab123
756,crcbahhe31,Baugqxv,Baugqxv@Observatory756.com,Observatory756,Amature,France,ab123
757,dhvxxhnj57,Mjbnawh,Mjbnawh@Observatory757.com,Observatory757,Amature,Taiwan,ab123
758,vespfhzw37,Saeydxs,Saeydxs@Observatory758.com,Observatory758,Postdoc,Korea,ab123
759,fnecjukp57,Oergtyn,Oergtyn@Observatory759.com,Observatory759,Amature,Germany,ab123
760,wrtzpmcn11,Sgdxehm,Sgdxehm@Observatory760.com,Observatory760,Postdoc,Germany,ab123
761,cjkjhnan0,Cctvzwj,Cctvzwj@Observatory761.com,Observatory761,Amature,Taiwan,ab123
762,lnitxehl48,Orlxihh,Orlxihh@Observatory762.com,Observatory762,Student,Taiwan,ab123
763,xxsdinxi43,Gnjuoaq,Gnjuoaq@Observatory763.com,Observatory763,Student,Taiwan,ab123
764,vahdkmub55,Scvtvxm,Scvtvxm@Observatory764.com,Observatory764,Amature,Taiwan,ab123
765,cgffjoxj35,Aohnxai,Aohnxai@Observatory765.com,Observatory765,Student,Taiwan,ab123
766,syqgmoef38,Ygmjuiu,Ygmjuiu@Observatory766.com,Observatory766,Amature,Korea,ab123
767,tvptcqxv4,Thclfyq,Thclfyq@Observatory767.com,Observatory767,Student,Taiwan,ab123
768,jlnpafbm19,Ckvaszn,Ckvaszn@Observatory768.com,Observatory768,Amature,Taiwan,ab123
769,okkcisbv3,Ufccfpq,Ufccfpq@Observatory769.com,Observatory769,Postdoc,Taiwan,ab123
770,rhgoxxqt59,Rpcltaz,Rpcltaz@Observatory770.com,Observatory770,Amature,Taiwan,ab123
771,vuyrwkic54,Onqsudl,Onqsudl@Observatory771.com,Observatory771,Professor,Taiwan,ab123
772,yklyewow47,Mufcqoz,Mufcqoz@Observatory772.com,Observatory772,Amature,Japan,ab123
773,coqnqsot37,Cszytxa,Cszytxa@Observatory773.com,Observatory773,Postdoc,Spain,ab123
774,dipcreey18,Iyzufff,Iyzufff@Observatory774.com,Observatory774,Student,Taiwan,ab123
775,mhbrmovl21,Lpfyxan,Lpfyxan@Observatory775.com,Observatory775,Amature,Taiwan,ab123
776,mufakpmi48,Yuxffhm,Yuxffhm@Observatory776.com,Observatory776,Student,Taiwan,ab123
777,erewiamd59,Aiearwb,Aiearwb@Observatory777.com,Observatory777,Student,Taiwan,ab123
778,ungjascp55,Rzchfmn,Rzchfmn@Observatory778.com,Observatory778,Postdoc,Taiwan,ab123
779,cvpofhdg46,Bnikizj,Bnikizj@Observatory779.com,Observatory779,Student,France,ab123
780,qjzllrmf54,Ettjvmg,Ettjvmg@Observatory780.com,Observatory780,Student,Taiwan,ab123
781,onrvyhil46,Kgfywll,Kgfywll@Observatory781.com,Observatory781,Student,Taiwan,ab123
782,lxkmrbfj33,Xfcibyk,Xfcibyk@Observatory782.com,Observatory782,Professor,Taiwan,ab123
783,wopagttt53,Vbbpctu,Vbbpctu@Observatory783.com,Observatory783,Amature,Taiwan,ab123
784,zsypoztt57,Jtlsydm,Jtlsydm@Observatory784.com,Observatory784,Student,Korea,ab123
785,cqgviifb20,Kyvpqfl,Kyvpqfl@Observatory785.com,Observatory785,Amature,Taiwan,ab123
786,fqcysuns22,Pghovvr,Pghovvr@Observatory786.com,Observatory786,Postdoc,Taiwan,ab123
787,gtoklsuz21,Snnfybj,Snnfybj@Observatory787.com,Observatory787,Postdoc,Taiwan,ab123
788,taievihy42,Ygwjpqs,Ygwjpqs@Observatory788.com,Observatory788,Postdoc,Taiwan,ab123
789,yousbaic16,Lxpvhlj,Lxpvhlj@Observatory789.com,Observatory789,Student,Taiwan,ab123
790,hbjdssgh11,Xtmhggh,Xtmhggh@Observatory790.com,Observatory790,Postdoc,Taiwan,ab123
791,prsoqutk31,Xtikvdg,Xtikvdg@Observatory791.com,Observatory791,Amature,Taiwan,ab123
792,hpdfvttl23,Idqcjwg,Idqcjwg@Observatory792.com,Observatory792,Amature,Taiwan,ab123
793,mswozyjq20,Oijjhac,Oijjhac@Observatory793.com,Observatory793,Student,Spain,ab123
794,jntjsofk27,Cdnlxvf,Cdnlxvf@Observatory794.com,Observatory794,Student,Taiwan,ab123
795,dsxarzdr35,Uunwypu,Uunwypu@Observatory795.com,Observatory795,Amature,Germany,ab123
796,vexrxnlb35,Nyghgsz,Nyghgsz@Observatory796.com,Observatory796,Postdoc,Taiwan,ab123
797,doygnzcs51,Ltgocly,Ltgocly@Observatory797.com,Observatory797,Amature,France,ab123
798,uihjzhav56,Ztgjybt,Ztgjybt@Observatory798.com,Observatory798,Postdoc,Taiwan,ab123
799,sczfmxhb32,Ajiihog,Ajiihog@Observatory799.com,Observatory799,Amature,Germany,ab123
800,zdvtafst14,Pgfdwxy,Pgfdwxy@Observatory800.com,Observatory800,Amature,Taiwan,ab123
801,fgvdqlqd58,Lcxxedc,Lcxxedc@Observatory801.com,Observatory801,Amature,Taiwan,ab123
802,kowheklo39,Qnxvnun,Qnxvnun@Observatory802.com,Observatory802,Amature,France,ab123
803,vbomucey46,Kucyver,Kucyver@Observatory803.com,Observatory803,Professor,Taiwan,ab123
804,coxjukvy17,Xpbkunn,Xpbkunn@Observatory804.com,Observatory804,Student,Taiwan,ab123
805,rlvoykpv14,Wrkpxzq,Wrkpxzq@Observatory805.com,Observatory805,Professor,Taiwan,ab123
806,jbzfsqut1,Hyuktfz,Hyuktfz@Observatory806.com,Observatory806,Amature,Taiwan,ab123
807,tkdfmxas21,Zjgrdwa,Zjgrdwa@Observatory807.com,Observatory807,Postdoc,Taiwan,ab123
808,cfvdhbsv40,Klspwiz,Klspwiz@Observatory808.com,Observatory808,Postdoc,France,ab123
809,iovuhuqv41,Tbbujqz,Tbbujqz@Observatory809.com,Observatory809,Student,Taiwan,ab123
810,jfpefdfx26,Xpfdjiu,Xpfdjiu@Observatory810.com,Observatory810,Amature,Taiwan,ab123
811,piaztrzb3,Yikyhjh,Yikyhjh@Observatory811.com,Observatory811,Amature,Taiwan,ab123
812,lazvyoxv5,Xlqdphd,Xlqdphd@Observatory812.com,Observatory812,Amature,Taiwan,ab123
813,cbyyegqr13,Cdvvovy,Cdvvovy@Observatory813.com,Observatory813,Student,Taiwan,ab123
814,vszvrqas29,Febyvrd,Febyvrd@Observatory814.com,Observatory814,Amature,USA,ab123
815,bfdirfhv3,Jhptcek,Jhptcek@Observatory815.com,Observatory815,Student,USA,ab123
816,llszuyzv28,Zsdprje,Zsdprje@Observatory816.com,Observatory816,Postdoc,Taiwan,ab123
817,kwoftinp27,Slkjdvb,Slkjdvb@Observatory817.com,Observatory817,Amature,Taiwan,ab123
818,vcssgiil46,Gtpetrz,Gtpetrz@Observatory818.com,Observatory818,Student,USA,ab123
819,pghpodhl18,Byvornp,Byvornp@Observatory819.com,Observatory819,Student,Taiwan,ab123
820,aekxtohq22,Sxmeiqk,Sxmeiqk@Observatory820.com,Observatory820,Professor,France,ab123
821,gqczqqxz11,Tjwfvjj,Tjwfvjj@Observatory821.com,Observatory821,Amature,Taiwan,ab123
822,ktfwjxdb9,Vlfzycy,Vlfzycy@Observatory822.com,Observatory822,Amature,USA,ab123
823,clehtghj35,Fjeidfo,Fjeidfo@Observatory823.com,Observatory823,Professor,Taiwan,ab123
824,tjsknexw45,Qjnkkzh,Qjnkkzh@Observatory824.com,Observatory824,Professor,France,ab123
825,srsgfjvz30,Pnzimbw,Pnzimbw@Observatory825.com,Observatory825,Postdoc,Germany,ab123
826,qoxtqjxn46,Nwzdbzw,Nwzdbzw@Observatory826.com,Observatory826,Student,France,ab123
827,aeigqdao39,Twjmfff,Twjmfff@Observatory827.com,Observatory827,Professor,Taiwan,ab123
828,xphdqgtl3,Ptplxdd,Ptplxdd@Observatory828.com,Observatory828,Postdoc,Taiwan,ab123
829,idppmmmj2,Siqfyri,Siqfyri@Observatory829.com,Observatory829,Student,Taiwan,ab123
830,ippvveyv24,Wvpknbj,Wvpknbj@Observatory830.com,Observatory830,Amature,Taiwan,ab123
831,xfelsdjw12,Skdiqto,Skdiqto@Observatory831.com,Observatory831,Postdoc,Taiwan,ab123
832,xxbcwjrj53,Zpvvfpm,Zpvvfpm@Observatory832.com,Observatory832,Student,Japan,ab123
833,doorrrfg38,Lxqtkiw,Lxqtkiw@Observatory833.com,Observatory833,Amature,Taiwan,ab123
834,cfgvnbvk6,Rglnciq,Rglnciq@Observatory834.com,Observatory834,Student,Taiwan,ab123
835,xkefidtq37,Awhykgm,Awhykgm@Observatory835.com,Observatory835,Student,Taiwan,ab123
836,jfspjyvw52,Ieizfpa,Ieizfpa@Observatory836.com,Observatory836,Student,Taiwan,ab123
837,fbcdjnvq28,Hgpmjaz,Hgpmjaz@Observatory837.com,Observatory837,Amature,Taiwan,ab123
838,zxancdeq50,Legphuh,Legphuh@Observatory838.com,Observatory838,Postdoc,France,ab123
839,argddyqv33,Nscaeit,Nscaeit@Observatory839.com,Observatory839,Student,Taiwan,ab123
840,otxhpnro11,Jcrfiaz,Jcrfiaz@Observatory840.com,Observatory840,Postdoc,Taiwan,ab123
841,zewjyemq31,Akrevix,Akrevix@Observatory841.com,Observatory841,Student,Taiwan,ab123
842,hpbibhlk47,Vgbrsuw,Vgbrsuw@Observatory842.com,Observatory842,Student,Spain,ab123
843,gvngedrj24,Fpsatqb,Fpsatqb@Observatory843.com,Observatory843,Postdoc,Taiwan,ab123
844,ewuecgqp50,Jlerkdv,Jlerkdv@Observatory844.com,Observatory844,Student,Taiwan,ab123
845,zugcqkel51,Dtzlfpo,Dtzlfpo@Observatory845.com,Observatory845,Student,Taiwan,ab123
846,qoszrzip36,Vgtokgq,Vgtokgq@Observatory846.com,Observatory846,Student,Taiwan,ab123
847,ptmeekdj31,Yjvkfuf,Yjvkfuf@Observatory847.com,Observatory847,Student,France,ab123
848,zcboewxm56,Nfmgdnx,Nfmgdnx@Observatory848.com,Observatory848,Professor,Taiwan,ab123
849,nmqbfkag33,Lmvahoe,Lmvahoe@Observatory849.com,Observatory849,Student,USA,ab123
850,fiqijwpt44,Dlotprn,Dlotprn@Observatory850.com,Observatory850,Amature,Taiwan,ab123
851,smxnbzgz11,Kkrxyzm,Kkrxyzm@Observatory851.com,Observatory851,Student,Taiwan,ab123
852,umvxwxec52,Jmbxjhu,Jmbxjhu@Observatory852.com,Observatory852,Amature,Taiwan,ab123
853,ekpctmsd49,Sxyyobx,Sxyyobx@Observatory853.com,Observatory853,Student,Korea,ab123
854,yrnmamzy53,Xevrwzh,Xevrwzh@Observatory854.com,Observatory854,Student,Taiwan,ab123
855,knbwmipg40,Nwfnuqc,Nwfnuqc@Observatory855.com,Observatory855,Postdoc,Taiwan,ab123
856,dknemtcl21,Pekvorm,Pekvorm@Observatory856.com,Observatory856,Student,Taiwan,ab123
857,jktzrlks26,Fgcggwx,Fgcggwx@Observatory857.com,Observatory857,Amature,Taiwan,ab123
858,kzdroaca9,Lrkbxdd,Lrkbxdd@Observatory858.com,Observatory858,Amature,Taiwan,ab123
859,cuhnnaes48,Gywyylc,Gywyylc@Observatory859.com,Observatory859,Amature,Taiwan,ab123
860,tahyezgf46,Bdxeurz,Bdxeurz@Observatory860.com,Observatory860,Postdoc,USA,ab123
861,ervarmuf33,Vzpqwph,Vzpqwph@Observatory861.com,Observatory861,Amature,Taiwan,ab123
862,wjbchyzj46,Lovoufq,Lovoufq@Observatory862.com,Observatory862,Student,France,ab123
863,mzraxhkk9,Bdvlrhn,Bdvlrhn@Observatory863.com,Observatory863,Professor,Taiwan,ab123
864,orxbzzyu17,Zvmfbbv,Zvmfbbv@Observatory864.com,Observatory864,Student,Taiwan,ab123
865,tztletne15,Cqlcjpv,Cqlcjpv@Observatory865.com,Observatory865,Amature,France,ab123
866,acfpffie22,Gdcshpm,Gdcshpm@Observatory866.com,Observatory866,Postdoc,Taiwan,ab123
867,qnhgrctd22,Blumqco,Blumqco@Observatory867.com,Observatory867,Postdoc,Taiwan,ab123
868,gttupasg44,Atylkrr,Atylkrr@Observatory868.com,Observatory868,Student,Taiwan,ab123
869,otxwwkoh24,Ylqjuyu,Ylqjuyu@Observatory869.com,Observatory869,Amature,Japan,ab123
870,vjymfgxw1,Dfmzmlc,Dfmzmlc@Observatory870.com,Observatory870,Student,Spain,ab123
871,icmwynss57,Ljgkpws,Ljgkpws@Observatory871.com,Observatory871,Amature,Taiwan,ab123
872,ufeynnqt54,Finfyhp,Finfyhp@Observatory872.com,Observatory872,Student,Taiwan,ab123
873,ttyidosg58,Wkpbygk,Wkpbygk@Observatory873.com,Observatory873,Amature,Taiwan,ab123
874,dbtiixlo53,Opbiqfi,Opbiqfi@Observatory874.com,Observatory874,Student,Taiwan,ab123
875,gyqrqujm16,Xhfrljz,Xhfrljz@Observatory875.com,Observatory875,Amature,Taiwan,ab123
876,hibvffcc35,Pckcqnw,Pckcqnw@Observatory876.com,Observatory876,Amature,Taiwan,ab123
877,jhcxdhje4,Jxbklqd,Jxbklqd@Observatory877.com,Observatory877,Student,Taiwan,ab123
878,ujgjzhis58,Xoeaagi,Xoeaagi@Observatory878.com,Observatory878,Student,Taiwan,ab123
879,cyrclbcf50,Asonhkv,Asonhkv@Observatory879.com,Observatory879,Amature,Taiwan,ab123
880,xabkqgcg36,Ysqzyrx,Ysqzyrx@Observatory880.com,Observatory880,Amature,Korea,ab123
881,aqmhqrwf25,Iuvbgqf,Iuvbgqf@Observatory881.com,Observatory881,Amature,Taiwan,ab123
882,gloqmrjj30,Qklhnys,Qklhnys@Observatory882.com,Observatory882,Student,Taiwan,ab123
883,bcraezpg38,Jtcoubl,Jtcoubl@Observatory883.com,Observatory883,Student,Taiwan,ab123
884,pefwktlp22,Jhnxuad,Jhnxuad@Observatory884.com,Observatory884,Postdoc,Taiwan,ab123
885,ltyxgoen57,Jmvzawx,Jmvzawx@Observatory885.com,Observatory885,Student,Taiwan,ab123
886,doenfoky58,Yjbencj,Yjbencj@Observatory886.com,Observatory886,Amature,Germany,ab123
887,jxewgwmt34,Mfmanro,Mfmanro@Observatory887.com,Observatory887,Professor,Japan,ab123
888,fvmfkyjo27,Vsyfqff,Vsyfqff@Observatory888.com,Observatory888,Amature,Taiwan,ab123
889,lezczkwk5,Hgdznsu,Hgdznsu@Observatory889.com,Observatory889,Student,Taiwan,ab123
890,lsxfzbwm46,Hlgiobh,Hlgiobh@Observatory890.com,Observatory890,Amature,Taiwan,ab123
891,aizboppv57,Mogcxxf,Mogcxxf@Observatory891.com,Observatory891,Postdoc,Taiwan,ab123
892,wxukukkw52,Tagfcfd,Tagfcfd@Observatory892.com,Observatory892,Student,Taiwan,ab123
893,rwitxrxq12,Uwjkjun,Uwjkjun@Observatory893.com,Observatory893,Student,Taiwan,ab123
894,etkfodtb6,Lbhbjrg,Lbhbjrg@Observatory894.com,Observatory894,Student,Taiwan,ab123
895,wlxeuyjz13,Vkydrey,Vkydrey@Observatory895.com,Observatory895,Amature,Taiwan,ab123
896,pxeuovrq52,Lfshtkk,Lfshtkk@Observatory896.com,Observatory896,Professor,Taiwan,ab123
897,pceysnbx31,Maotwtr,Maotwtr@Observatory897.com,Observatory897,Student,Taiwan,ab123
898,qgtdcmrh44,Hgrzmjg,Hgrzmjg@Observatory898.com,Observatory898,Student,France,ab123
899,viabqgbx44,Kegvpfl,Kegvpfl@Observatory899.com,Observatory899,Postdoc,Taiwan,ab123
900,swsmbxyj34,Rdpdlqv,Rdpdlqv@Observatory900.com,Observatory900,Professor,Taiwan,ab123
901,ofoimyqm28,Raordnh,Raordnh@Observatory901.com,Observatory901,Student,Taiwan,ab123
902,uybzewrp39,Wrjvfiu,Wrjvfiu@Observatory902.com,Observatory902,Postdoc,Japan,ab123
903,iiuxxpzr36,Zurlvtz,Zurlvtz@Observatory903.com,Observatory903,Student,France,ab123
904,itmsevhw16,Zwesevq,Zwesevq@Observatory904.com,Observatory904,Amature,Korea,ab123
905,cfbyjbhl56,Liwbxtu,Liwbxtu@Observatory905.com,Observatory905,Student,France,ab123
906,opwsyank57,Vzwhqjx,Vzwhqjx@Observatory906.com,Observatory906,Amature,Japan,ab123
907,kuwsjfss53,Anowxpg,Anowxpg@Observatory907.com,Observatory907,Student,Taiwan,ab123
908,ijapbauy56,Ruajwny,Ruajwny@Observatory908.com,Observatory908,Amature,Taiwan,ab123
909,lykpjvqb38,Rymmyqz,Rymmyqz@Observatory909.com,Observatory909,Student,Spain,ab123
910,uwzdxrui1,Vrjlexa,Vrjlexa@Observatory910.com,Observatory910,Student,Taiwan,ab123
911,yroejfpm14,Xxoqfpf,Xxoqfpf@Observatory911.com,Observatory911,Amature,Taiwan,ab123
912,wkwxlfnq29,Fzugold,Fzugold@Observatory912.com,Observatory912,Postdoc,Taiwan,ab123
913,xejezbvc42,Kltmyfg,Kltmyfg@Observatory913.com,Observatory913,Professor,Taiwan,ab123
914,jewjrkds28,Onkzuqo,Onkzuqo@Observatory914.com,Observatory914,Professor,Taiwan,ab123
915,gyumtmay19,Edagimj,Edagimj@Observatory915.com,Observatory915,Amature,Taiwan,ab123
916,rfzndmrr24,Kdnajsr,Kdnajsr@Observatory916.com,Observatory916,Student,Taiwan,ab123
917,cyjmnwsh9,Vzjgjke,Vzjgjke@Observatory917.com,Observatory917,Postdoc,Taiwan,ab123
918,pwnavpqi11,Xpkcexx,Xpkcexx@Observatory918.com,Observatory918,Postdoc,Taiwan,ab123
919,tarurnhk13,Udodfbe,Udodfbe@Observatory919.com,Observatory919,Student,Taiwan,ab123
920,uuamfhlk2,Eolraxk,Eolraxk@Observatory920.com,Observatory920,Amature,Taiwan,ab123
921,rfrqyosu53,Jcphxrl,Jcphxrl@Observatory921.com,Observatory921,Student,Taiwan,ab123
922,tfbzhjgc48,Kpolmhv,Kpolmhv@Observatory922.com,Observatory922,Student,Taiwan,ab123
923,maqmiqoz23,Ssbqbdb,Ssbqbdb@Observatory923.com,Observatory923,Professor,Germany,ab123
924,otccbplp35,Fvnxoqs,Fvnxoqs@Observatory924.com,Observatory924,Postdoc,Taiwan,ab123
925,xbfwsxbn15,Pnfzdpz,Pnfzdpz@Observatory925.com,Observatory925,Student,Taiwan,ab123
926,xarjtixr6,Iqpveks,Iqpveks@Observatory926.com,Observatory926,Student,Taiwan,ab123
927,kfknviio44,Kpehuug,Kpehuug@Observatory927.com,Observatory927,Student,Germany,ab123
928,gcnydefh44,Hmobsra,Hmobsra@Observatory928.com,Observatory928,Student,Taiwan,ab123
929,nqmsevcx5,Qjxwssf,Qjxwssf@Observatory929.com,Observatory929,Postdoc,Spain,ab123
930,bkkjuwmp58,Xherdsz,Xherdsz@Observatory930.com,Observatory930,Student,Taiwan,ab123
931,ntihjlld49,Jolizlp,Jolizlp@Observatory931.com,Observatory931,Student,Taiwan,ab123
932,lhtfmtgp26,Tckqbns,Tckqbns@Observatory932.com,Observatory932,Postdoc,Taiwan,ab123
933,ehuicfyr36,Rfclncy,Rfclncy@Observatory933.com,Observatory933,Student,Taiwan,ab123
934,lxzhvbnk19,Lxupcft,Lxupcft@Observatory934.com,Observatory934,Student,Taiwan,ab123
935,nunhzodi10,Puxiaml,Puxiaml@Observatory935.com,Observatory935,Postdoc,Taiwan,ab123
936,ucverwgq38,Myxdrwt,Myxdrwt@Observatory936.com,Observatory936,Student,Taiwan,ab123
937,hpnjlkva28,Qhhopne,Qhhopne@Observatory937.com,Observatory937,Student,Korea,ab123
938,oysfmolq6,Dewpsfq,Dewpsfq@Observatory938.com,Observatory938,Amature,Germany,ab123
939,xxhkcjjd37,Wsugkqn,Wsugkqn@Observatory939.com,Observatory939,Student,Taiwan,ab123
940,qwtwqgyb45,Zwpqrgj,Zwpqrgj@Observatory940.com,Observatory940,Amature,Taiwan,ab123
941,cgraxdum0,Mbzshjw,Mbzshjw@Observatory941.com,Observatory941,Student,Germany,ab123
942,fimjkrjn49,Odxpzwu,Odxpzwu@Observatory942.com,Observatory942,Student,Japan,ab123
943,fozlejjb23,Wltbgzh,Wltbgzh@Observatory943.com,Observatory943,Student,Taiwan,ab123
944,rdbohyhy30,Nfhflim,Nfhflim@Observatory944.com,Observatory944,Amature,Taiwan,ab123
945,izedfhco51,Prjztfk,Prjztfk@Observatory945.com,Observatory945,Amature,Taiwan,ab123
946,jbsbbcab7,Upnuahd,Upnuahd@Observatory946.com,Observatory946,Postdoc,Taiwan,ab123
947,ebsetiuu7,Qflpfkw,Qflpfkw@Observatory947.com,Observatory947,Student,Taiwan,ab123
948,jiabnskm51,Pyjzmav,Pyjzmav@Observatory948.com,Observatory948,Student,Japan,ab123
949,bbguqrbi1,Pvjawvc,Pvjawvc@Observatory949.com,Observatory949,Professor,Taiwan,ab123
950,xyiggbry59,Brgvkly,Brgvkly@Observatory950.com,Observatory950,Professor,Germany,ab123
951,qxufpzyt37,Ygubflc,Ygubflc@Observatory951.com,Observatory951,Postdoc,Taiwan,ab123
952,evtcgvjm11,Dekixiy,Dekixiy@Observatory952.com,Observatory952,Amature,Germany,ab123
953,pssgarrm38,Jsmhots,Jsmhots@Observatory953.com,Observatory953,Amature,Taiwan,ab123
954,lzqezpxj48,Abscieq,Abscieq@Observatory954.com,Observatory954,Amature,Japan,ab123
955,liinjdtv24,Emsnrmx,Emsnrmx@Observatory955.com,Observatory955,Student,Korea,ab123
956,jjhrzrpv59,Fnkgals,Fnkgals@Observatory956.com,Observatory956,Amature,Taiwan,ab123
957,lgfduaes25,Zfagfyv,Zfagfyv@Observatory957.com,Observatory957,Amature,Taiwan,ab123
958,ouilttvs24,Sdkgnmi,Sdkgnmi@Observatory958.com,Observatory958,Student,Taiwan,ab123
959,tcjaperl27,Mosnsqv,Mosnsqv@Observatory959.com,Observatory959,Student,Taiwan,ab123
960,dbffjdch34,Xoqlpun,Xoqlpun@Observatory960.com,Observatory960,Student,Taiwan,ab123
961,jtfcwrgp47,Oucktpl,Oucktpl@Observatory961.com,Observatory961,Student,Taiwan,ab123
962,yyovirts4,Dxsnhhd,Dxsnhhd@Observatory962.com,Observatory962,Student,Taiwan,ab123
963,nnoqpgak11,Rkzpxbb,Rkzpxbb@Observatory963.com,Observatory963,Amature,Taiwan,ab123
964,jduivsqk23,Ikwiwxt,Ikwiwxt@Observatory964.com,Observatory964,Student,Taiwan,ab123
965,eqeugceq47,Jgdalzz,Jgdalzz@Observatory965.com,Observatory965,Postdoc,Spain,ab123
966,jiqsleja16,Aglnwdu,Aglnwdu@Observatory966.com,Observatory966,Professor,Taiwan,ab123
967,mvhhlknd23,Llnhggs,Llnhggs@Observatory967.com,Observatory967,Amature,Taiwan,ab123
968,ussxisod58,Mljhjfj,Mljhjfj@Observatory968.com,Observatory968,Student,Taiwan,ab123
969,qjlnfozc12,Tuinhar,Tuinhar@Observatory969.com,Observatory969,Professor,Taiwan,ab123
970,cikuphmp2,Giohukp,Giohukp@Observatory970.com,Observatory970,Professor,Taiwan,ab123
971,yrlavqvh4,Qqcgfsg,Qqcgfsg@Observatory971.com,Observatory971,Student,Korea,ab123
972,punsnhvs18,Exqybeq,Exqybeq@Observatory972.com,Observatory972,Student,Taiwan,ab123
973,iwzvscrp29,Hkhijyd,Hkhijyd@Observatory973.com,Observatory973,Student,Taiwan,ab123
974,fklmgaoi59,Ihqvsfv,Ihqvsfv@Observatory974.com,Observatory974,Postdoc,Germany,ab123
975,htmviesr18,Csjdnbw,Csjdnbw@Observatory975.com,Observatory975,Student,Spain,ab123
976,fduvyibp3,Tynfpmo,Tynfpmo@Observatory976.com,Observatory976,Amature,Taiwan,ab123
977,rsjacptd20,Nfznvbg,Nfznvbg@Observatory977.com,Observatory977,Student,Taiwan,ab123
978,hfmtpdod39,Kvxbthg,Kvxbthg@Observatory978.com,Observatory978,Professor,Taiwan,ab123
979,sbrilpsc58,Uftkdth,Uftkdth@Observatory979.com,Observatory979,Student,Spain,ab123
980,hmboawcu8,Mbkjuph,Mbkjuph@Observatory980.com,Observatory980,Professor,Taiwan,ab123
981,blvtummj16,Hjaqnps,Hjaqnps@Observatory981.com,Observatory981,Student,Taiwan,ab123
982,fnepgmlu15,Ruxskbf,Ruxskbf@Observatory982.com,Observatory982,Professor,Taiwan,ab123
983,gukvfaut46,Vdldznf,Vdldznf@Observatory983.com,Observatory983,Student,Korea,ab123
984,dxkqgrcq27,Fxgzdin,Fxgzdin@Observatory984.com,Observatory984,Amature,France,ab123
985,rgyafals16,Faouavb,Faouavb@Observatory985.com,Observatory985,Student,France,ab123
986,dcxfptto48,Goopwas,Goopwas@Observatory986.com,Observatory986,Postdoc,Taiwan,ab123
987,azgbwnfz50,Rieqedh,Rieqedh@Observatory987.com,Observatory987,Student,Taiwan,ab123
988,azzrzxqc10,Tdqnkof,Tdqnkof@Observatory988.com,Observatory988,Amature,Taiwan,ab123
989,mazgnnpl13,Gfmzfcr,Gfmzfcr@Observatory989.com,Observatory989,Student,Taiwan,ab123
990,egldshns18,Wrsjuoc,Wrsjuoc@Observatory990.com,Observatory990,Student,Taiwan,ab123
991,qyjojjmc5,Hjexxyb,Hjexxyb@Observatory991.com,Observatory991,Amature,Taiwan,ab123
992,fthmgfmy34,Cliqzqo,Cliqzqo@Observatory992.com,Observatory992,Student,Taiwan,ab123
993,tntnycyr37,Caypxho,Caypxho@Observatory993.com,Observatory993,Postdoc,France,ab123
994,tgybfkqp35,Xzjnheh,Xzjnheh@Observatory994.com,Observatory994,Amature,Taiwan,ab123
995,vbidgqnr11,Ygxaruc,Ygxaruc@Observatory995.com,Observatory995,Student,Taiwan,ab123
996,ketmpzdf36,Qplgtfs,Qplgtfs@Observatory996.com,Observatory996,Student,Japan,ab123
997,ggygywni2,Dgxzsxn,Dgxzsxn@Observatory997.com,Observatory997,Amature,Spain,ab123
998,epxhhlta41,Rashybv,Rashybv@Observatory998.com,Observatory998,Student,Taiwan,ab123
999,oypfcnho32,Jludgje,Jludgje@Observatory999.com,Observatory999,Postdoc,Taiwan,ab123